tensor([ 0.0000, 35.9402, 35.8733, 37.0084,  0.0000, 36.9856,  0.0000,  0.0000,
         0.0000,  0.0000, 37.1279, 36.7691,  0.0000, 35.5814,  0.0000,  0.0000,
        35.6860, 38.4223,  0.0000, 37.2138,  0.0000,  0.0000,  0.0000, 34.9884,
         0.0000, 35.5607,  0.0000, 35.9933, 36.8296,  0.0000,  0.0000,  0.0000,
        37.1152,  0.0000, 36.9667,  0.0000,  0.0000, 36.1246, 37.3537,  0.0000,
        35.3090,  0.0000, 35.3557,  0.0000, 35.6821, 35.9143,  0.0000, 36.8631,
         0.0000,  0.0000,  0.0000, 37.6550, 36.3760, 35.9850, 35.7757, 35.6984,
        35.8125,  0.0000, 35.9390,  0.0000])
tensor([ 0.0000, 70.3924, 35.8733, 37.0084,  0.0000, 36.9856,  0.0000,  0.0000,
        56.3454,  0.0000, 58.0932, 57.4799,  0.0000, 35.5814, 56.7138, 58.5701,
        35.6860, 38.4223,  0.0000, 37.2138, 73.5429,  0.0000, 55.8768, 72.2579,
        55.8241, 35.5607, 56.3629, 70.8033, 58.4518, 56.1816, 56.2230,  0.0000,
        57.2928, 55.7987, 36.9667, 69.4520,  0.0000, 36.1246, 55.9262,  0.0000,
        73.4655,  0.0000, 73.2817, 56.5414, 71.0773, 35.9143, 72.3446, 36.8631,
        56.9898,  0.0000,  0.0000, 37.6550, 71.2130, 74.4542, 73.6176, 72.6008,
        35.8125,  0.0000, 69.5009,  0.0000])
tensor([  0.0000,  70.3924,  35.8733,  37.0084,   0.0000,  36.9856,   0.0000,
          0.0000,  56.3454,   0.0000, 103.2451,  57.4799,   0.0000,  35.5814,
         99.0161, 103.5839,  35.6860, 102.9016,   0.0000, 101.3270,  78.3130,
          0.0000, 102.0753,  72.2579,  55.8241,  76.3014,  56.3629,  70.8033,
         58.4518,  97.3177, 101.5853,  99.3374, 102.9659,  99.1140,  36.9667,
         77.7808,  99.7122,  36.1246,  55.9262,   0.0000,  73.4655,  76.1824,
         77.2594,  97.4183,  72.5117,  76.6705,  77.3882, 102.5936, 102.6862,
         73.0143,  97.1288, 100.3465,  71.2130,  77.4088,  73.6176,  78.5957,
         77.9606,   0.0000,  69.5009,  76.1411])
tensor([108.3973,  70.3924,  35.8733, 116.8532,  84.4364,  36.9856,  87.8147,
          0.0000, 118.5758,   0.0000, 103.2451,  57.4799, 117.8257,  87.6916,
        119.0340, 103.5839,  35.6860, 127.8398,   0.0000, 123.5334,  78.3130,
         86.3124, 102.0753,  84.5915,  55.8241,  76.3014, 117.9156,  86.9227,
         58.4518,  97.3177, 101.5853, 119.9865, 123.6611, 122.0811,  36.9667,
         86.4875, 121.2652,  88.4622,  55.9262,  82.0305,  73.4655,  83.1459,
         77.2594,  97.4183,  72.5117,  88.7289,  86.8132, 102.5936, 102.6862,
         73.0143, 109.8819, 120.4166,  71.2130,  89.6743,  73.6176,  78.5957,
         88.1456,  88.5882,  69.5009,  86.5595])
tensor([ 75.7027, 155.2781, 160.3305,  75.4260, 164.5181,  74.9182,  87.8147,
         75.0524,  75.3710,   0.0000,  76.8393,  74.6999, 117.8257, 165.1181,
        119.0340,  77.8334, 160.9351,  78.1661,  74.8622, 123.5334,  78.3130,
         86.3124, 102.0753, 166.6059,  78.0278,  76.3014, 117.9156, 163.6090,
         58.4518,  97.3177, 101.5853, 119.9865, 123.6611, 122.0811,  36.9667,
         86.4875, 121.2652,  88.4622,  55.9262,  82.0305, 163.1489,  83.1459,
         77.2594,  75.9232, 153.4104, 170.2646,  86.8132,  78.8153,  79.1225,
        152.8459, 109.8819,  76.7704, 159.7089,  89.6743,  73.6176, 165.1941,
         88.1456, 165.0004, 154.7887,  86.5595])
tensor([165.6733,  76.8490,  75.0991,  75.4260, 164.5181, 166.4562,  76.5168,
        179.9589,  75.3710,  73.3744,  76.8393,  74.6999, 117.8257, 165.1181,
        177.3431, 189.1830,  77.4139,  78.1661, 165.0143, 181.5769,  79.1342,
         74.7867, 177.5280, 166.6059,  78.0278,  76.2731, 117.9156, 163.6090,
        179.8317,  97.3177, 176.4034, 178.8800, 123.6611, 122.0811,  36.9667,
         76.1411, 121.2652,  88.4622, 176.2149,  77.5085,  77.4215,  83.1459,
         77.2594,  75.9232, 153.4104, 170.2646,  86.8132, 182.5198,  79.1225,
        152.8459, 167.7459,  76.7704, 159.7089,  89.6743,  78.5320,  78.2368,
         77.4267, 165.0004,  75.9425,  76.8924])
tensor([165.6733, 186.8625, 183.6799,  75.3980, 164.5181, 166.4562, 193.6422,
        179.9589,  77.6390, 176.2463,  76.9668,  74.6999, 117.8257, 165.1181,
        177.3431, 189.1830, 185.7521,  78.1661, 165.0143, 181.5769, 191.5295,
        187.8185, 177.5280, 166.6059,  78.0278, 182.9744,  75.2986, 163.6090,
         77.9906,  77.3340, 176.4034,  78.3327,  77.4556,  77.1346,  75.1507,
        191.9438, 121.2652, 189.7764,  75.3216, 178.7637,  77.4215, 183.9943,
         77.2594,  75.9232, 153.4104, 188.7089, 188.5081, 182.5198,  79.1225,
        180.4929,  77.5543,  76.7704, 159.7089, 189.7594,  78.5320, 192.8658,
        185.1550, 165.0004,  75.9425,  76.8924])
tensor([ 80.0793, 186.8625, 198.3579,  75.3980, 196.0706,  76.5491, 193.6422,
         74.6737,  77.6390, 191.7744,  79.6095,  74.6999, 117.8257, 165.1181,
         79.0493,  80.4843, 197.3685,  80.6959, 165.0143, 181.5769, 191.5295,
        187.8185, 177.5280, 198.5902,  75.8873, 182.9744,  78.7083, 199.3685,
         81.2471,  77.3340, 176.4034,  78.3327,  78.6017,  77.7944,  75.1507,
        191.9438, 121.2652, 206.8833,  75.3216, 193.1023, 201.1016, 183.9943,
         77.2594,  75.9232, 153.4104, 203.4004, 205.6560, 182.5198,  79.1225,
        195.8725,  80.6482,  76.7704, 159.7089, 189.7594, 197.6784, 192.8658,
        197.6431, 198.0828, 197.9932, 193.9102])
tensor([ 80.0793, 130.1000, 198.3579, 159.5455, 196.0706,  76.5491, 126.6561,
         74.6737,  77.6390, 191.7744,  79.6095, 149.0767, 117.8257, 125.5429,
        157.6287,  80.4843, 197.3685,  80.6959, 165.0143, 153.4805, 191.5295,
        187.8185, 177.5280, 198.5902, 150.2350, 182.9744, 157.1924, 126.2870,
         81.2471, 146.2982, 153.4273,  78.3327, 156.8820, 152.4128, 151.3626,
        191.9438, 121.2652, 206.8833,  75.3216, 193.1023, 129.4307, 128.0587,
        127.3400,  75.9232, 153.4104, 129.0309, 205.6560, 182.5198, 156.9717,
        128.6530, 158.8917, 152.6330, 121.1067, 130.6336, 197.6784, 127.0324,
        125.8979, 125.8087, 129.6961, 123.4629])
tensor([143.7969, 150.9837, 198.3579, 148.7224, 141.4098,  76.5491, 148.0762,
        143.4167,  77.6390, 138.4932,  79.6095, 149.0767, 139.6812, 147.6560,
        157.6287,  80.4843, 197.3685,  80.6959, 132.9877, 140.3885, 191.5295,
        187.8185, 177.5280, 143.4525, 150.2350, 182.9744, 148.4771, 126.2870,
        147.2807, 140.1227, 153.4273, 150.0907, 156.8820, 145.3795, 151.3626,
        191.9438, 121.2652, 206.8833,  75.3216, 149.6343, 129.4307, 128.0587,
        147.3678, 140.4145, 137.9762, 129.0309, 205.6560, 141.4681, 147.4467,
        149.9372, 143.0412, 143.7007, 150.2974, 130.6336, 151.6351, 148.6215,
        125.8979, 125.8087, 129.6961, 150.5822])
tensor([143.7969,  99.7964,  93.0187, 148.7224, 102.4293, 194.2475,  94.9045,
        200.4528, 194.6631,  99.1636,  79.6095, 149.0767, 194.8823,  99.7239,
        201.1995,  80.4843,  95.4081,  80.6959, 132.9877, 140.3885, 191.5295,
         92.2631, 194.6664, 103.3774, 150.2350,  88.4667, 148.4771, 126.2870,
        147.2807, 192.8713, 201.6841, 203.5095, 156.8820, 145.3795, 151.3626,
        191.9438, 192.6710, 206.8833,  75.3216, 149.6343, 129.4307,  93.5148,
        147.3678, 195.6832,  98.4693,  96.5679,  94.3358, 141.4681, 206.5426,
         97.7359, 143.0412, 143.7007,  93.2591, 130.6336,  95.2096, 148.6215,
        125.8979, 125.8087, 129.6961,  94.8100])
tensor([143.7969,  99.7964,  93.0187, 148.7224, 243.8240,  54.9528, 246.1790,
        200.4528, 194.6631, 238.4555,  59.6384,  60.6100, 194.8823,  99.7239,
         63.4608,  80.4843, 243.9087,  60.0231,  54.7421, 140.3885, 191.5295,
         92.2631,  58.5014, 246.9770, 150.2350, 236.7561,  59.4105, 242.1199,
        147.2807,  62.6807,  61.3130,  63.7228, 156.8820,  60.6443, 151.3626,
        242.9050, 192.6710, 206.8833,  56.8399, 149.6343, 129.4307,  93.5148,
        147.3678,  62.2753, 237.9518,  96.5679, 244.6773,  57.0959, 206.5426,
         97.7359,  60.2180,  59.0733,  93.2591, 241.7608,  95.2096, 148.6215,
        125.8979, 248.2503, 129.6961, 253.7102])
tensor([143.7969,  99.7964, 100.7230, 148.7224, 111.6199, 202.6664, 100.4316,
        197.1961, 200.0002, 107.9181,  59.6384, 195.2446, 194.8823,  99.7239,
        210.4946, 198.7157,  99.4643,  60.0231, 201.8252, 140.3885, 191.5295,
         97.4634,  58.5014, 246.9770, 191.7537, 236.7561, 208.8583,  96.9471,
        207.2717,  62.6807,  61.3130,  63.7228, 156.8820, 203.0289, 197.8154,
        242.9050, 192.6710, 206.8833,  56.8399, 149.6343, 129.4307, 102.2094,
         99.0744, 202.8520, 107.3788, 102.3706, 244.6773,  57.0959, 206.5426,
        102.0941,  60.2180, 200.8377,  93.2591, 241.7608, 100.3983, 101.1894,
         99.0943,  99.8995, 129.6961, 253.7102])
tensor([143.7969, 135.9287, 100.7230, 175.0737, 111.6199, 202.6664, 100.4316,
        197.1961, 200.0002, 139.9055, 175.8420, 169.7893, 194.8823,  99.7239,
        210.4946, 174.3717, 142.7277, 172.5643, 201.8252, 140.3885, 191.5295,
        139.2934, 169.3376, 136.6826, 164.3803, 133.5424, 174.6343,  96.9471,
        176.6731, 174.9418, 183.2186,  63.7228, 169.2152, 203.0289, 197.8154,
        242.9050, 164.0217, 206.8833, 168.9644, 149.6343, 129.4307, 132.9977,
         99.0744, 202.8520, 139.6209, 137.0288, 134.4769,  57.0959, 169.3062,
        102.0941, 171.9249, 200.8377,  93.2591, 136.3103, 139.7338, 101.1894,
         99.0943, 140.0133, 129.6961, 140.4192])
tensor([161.6544, 147.0137, 100.7230, 175.0737, 111.6199, 169.3023, 146.1340,
        197.1961, 200.0002, 139.9055, 175.8420, 166.1427, 166.2155, 148.1281,
        170.5958, 174.3717, 142.7277, 172.5643, 201.8252, 140.3885, 142.2227,
        139.2934, 169.3376, 136.6826, 167.6040, 144.5649, 173.4480,  96.9471,
        176.6731, 164.1328, 183.2186,  63.7228, 169.2152, 163.4439, 167.2852,
        146.1601, 164.0217, 206.8833, 167.6209, 142.6922, 143.4108, 132.9977,
        148.6724, 202.8520, 139.6209, 137.0288, 144.0451, 166.7209, 167.9226,
        102.0941, 171.9249, 165.5420, 142.5435, 154.8388, 139.7338, 147.6190,
         99.0943, 154.4120, 145.6838, 146.0944])
tensor([147.5155, 147.0137, 100.7230, 175.0737, 159.3059, 169.3023, 146.1340,
        197.1961, 151.2734, 139.9055, 175.8420, 148.3016, 145.2999, 165.5284,
        170.5958, 174.3717, 173.0110, 149.6836, 201.8252, 140.3885, 142.2227,
        139.2934, 147.7604, 136.6826, 167.6040, 144.5649, 173.4480, 169.1411,
        176.6731, 151.5434, 157.3309, 153.8477, 151.4444, 154.8384, 167.2852,
        171.1277, 144.3586, 165.5083, 147.0563, 165.3137, 159.7729, 132.9977,
        148.6724, 146.3323, 139.6209, 137.0288, 144.0451, 139.6186, 167.9226,
        167.6584, 147.1456, 149.7839, 142.5435, 173.4298, 175.5743, 147.6190,
        165.6372, 154.4120, 167.6444, 146.0944])
tensor([190.3763, 126.0077, 100.7230, 191.8065, 159.3059, 189.9628, 146.1340,
        197.1961, 192.7036, 129.4237, 189.0127, 192.4727, 145.2999, 165.5284,
        170.5958, 174.3717, 121.9507, 189.4077, 186.7211, 140.3885, 142.2227,
        121.6774, 195.7138, 133.2459, 190.9574, 123.1630, 173.4480, 169.1411,
        176.6731, 191.0571, 157.3309, 194.2500, 189.0929, 154.8384, 167.2852,
        122.1840, 144.3586, 121.9692, 194.7626, 123.5146, 122.2827, 132.9977,
        148.6724, 191.3771, 139.6209, 137.0288, 144.0451, 139.6186, 191.0109,
        167.6584, 147.1456, 149.7839, 142.5435, 126.7882, 127.2114, 147.6190,
        165.6372, 127.5942, 167.6444, 120.5789])
tensor([190.3763, 126.0077, 100.7230, 191.8065, 135.9232, 173.4575, 146.1340,
        197.1961, 184.6606, 137.8831, 189.0127, 192.4727, 145.2999, 133.5767,
        170.5958, 174.3717, 141.3362, 189.4077, 186.7211, 171.0592, 131.3660,
        139.6188, 195.7138, 133.2459, 173.9636, 139.2113, 173.4480, 169.1411,
        177.8241, 191.0571, 179.6436, 184.0473, 181.6706, 178.7467, 177.0372,
        122.1840, 173.9738, 132.5582, 194.7626, 123.5146, 134.4639, 131.3360,
        148.6724, 180.5212, 136.8676, 142.2296, 132.7809, 172.5241, 191.0109,
        167.6584, 147.1456, 149.7839, 141.5122, 126.7882, 144.1429, 147.6190,
        165.6372, 127.5942, 140.4918, 141.8535])
tensor([190.3763, 126.0077, 210.4843,  96.1832, 222.3635,  98.1232, 146.1340,
         96.2688, 184.6606, 137.8831,  99.6354, 192.4727, 145.2999, 220.0845,
         98.7232, 174.3717, 141.3362,  91.3891,  98.2947,  96.1334, 223.6087,
        222.8952,  96.9937, 225.1850, 100.4822, 139.2113, 173.4480, 169.1411,
        100.3301, 100.1725, 179.6436,  98.7270,  99.0611, 103.3438, 177.0372,
        225.9807, 173.9738, 226.1841, 194.7626, 123.5146, 225.0353, 131.3360,
        148.6724,  94.6106, 136.8676, 222.6390, 132.7809,  97.4505, 191.0109,
        167.6584, 102.5369, 149.7839, 141.5122, 226.7864, 226.8255, 147.6190,
        165.6372, 127.5942, 140.4918, 141.8535])
tensor([190.3763, 126.0077, 210.4843,  96.1832, 222.3635,  98.1232, 102.8555,
         96.2688, 207.7716, 137.8831, 205.0101, 203.0516, 208.8176, 102.2565,
        207.7499, 207.4839, 141.3362, 206.9534,  98.2947,  96.1334, 107.0572,
        107.4760, 202.3126, 109.5295, 201.8207, 107.8279, 173.4480, 169.1411,
        206.9507, 100.1725, 204.3821,  98.7270, 206.2926, 103.3438, 177.0372,
        100.9427, 205.3201, 106.3080, 194.7626, 106.2064, 107.3729, 131.3360,
        107.3687, 206.2348, 136.8676, 112.5926, 132.7809,  97.4505, 191.0109,
        167.6584, 102.5369, 149.7839, 110.9414, 111.4927, 226.8255, 147.6190,
        165.6372, 127.5942, 108.4861, 108.4523])
tensor([190.3763, 166.1073, 210.4843,  96.1832, 170.1179, 153.7299, 164.7188,
         96.2688, 154.0096, 137.8831, 205.0101, 147.1475, 208.8176, 102.2565,
        207.7499, 207.4839, 169.0835, 206.9534, 153.3566, 150.6561, 168.9012,
        107.4760, 150.5226, 169.4935, 155.1182, 157.8468, 173.4480, 169.1411,
        155.4213, 100.1725, 154.0509,  98.7270, 206.2926, 103.3438, 148.1721,
        100.9427, 205.3201, 106.3080, 148.3600, 159.4155, 169.9047, 162.3572,
        165.3136, 148.1147, 161.6674, 169.3349, 132.7809,  97.4505, 148.5239,
        167.6584, 102.5369, 149.7839, 110.9414, 111.4927, 226.8255, 162.2067,
        160.0758, 165.8988, 108.4861, 168.8257])
tensor([ 95.4771, 166.1073, 210.4843,  96.1832, 234.9409, 153.7299, 230.7172,
         96.2688, 154.0096, 220.5309, 205.0101, 147.1475,  95.5332, 224.5575,
        207.7499,  93.1593, 229.0327, 206.9534,  90.7145, 150.6561, 234.6910,
        224.3158,  93.8256, 236.8416,  93.2297, 157.8468, 173.4480, 224.1328,
        155.4213, 100.1725,  92.5061,  92.1197, 206.2926, 103.3438,  94.6706,
        227.2180, 205.3201, 106.3080,  94.0593, 159.4155, 235.4732, 218.2731,
        165.3136, 148.1147, 161.6674, 235.8120, 228.3082,  97.4505,  90.9099,
        223.6221,  91.6991, 149.7839, 110.9414, 235.0087, 226.8255, 162.2067,
        225.7868, 234.8295, 108.4861, 168.8257])
tensor([ 95.4771, 212.3234, 204.8157,  99.4756, 221.1946, 107.3839, 230.7172,
         98.1426, 106.5007, 209.9503, 205.0101, 107.9578, 102.4392, 224.5575,
        105.0934, 104.3490, 214.8771, 105.4146,  90.7145, 150.6561, 218.3015,
        212.0979,  93.8256, 220.2077,  93.2297, 207.3900, 173.4480, 211.8425,
        108.8403, 100.1725,  92.5061,  92.1197, 206.2926, 104.8027,  94.6706,
        227.2180, 205.3201, 106.3080,  94.0593, 204.5099, 235.4732, 208.8503,
        165.3136, 148.1147, 161.6674, 220.7611, 205.2193,  97.4505, 103.8270,
        223.6221, 100.4618, 149.7839, 110.9414, 235.0087, 207.9812, 162.2067,
        211.1569, 234.8295, 108.4861, 207.6332])
tensor([ 95.4771, 212.3234, 168.2477,  99.4756, 221.1946, 145.7589, 177.0322,
        145.8880, 152.0760, 209.9503, 149.7734, 151.2893, 102.4392, 224.5575,
        105.0934, 104.3490, 214.8771, 105.4146,  90.7145, 150.6561, 180.1214,
        212.0979,  93.8256, 220.2077, 147.6217, 178.4561, 146.5390, 211.8425,
        150.9617, 151.4213, 155.7103, 155.5345, 152.2701, 152.1879, 149.6157,
        227.2180, 205.3201, 177.6599, 151.7709, 173.1477, 235.4732, 208.8503,
        175.5180, 148.1147, 161.6674, 220.7611, 205.2193,  97.4505, 151.7481,
        172.4426, 100.4618, 145.8606, 110.9414, 178.6148, 207.9812, 168.5681,
        177.8064, 234.8295, 168.4480, 177.0383])
tensor([202.6410, 115.0500, 168.2477, 205.4101, 127.0851, 218.3058, 112.7090,
        145.8880, 217.4048, 119.2437, 149.7734, 218.3642, 102.4392, 224.5575,
        210.0133, 209.9591, 115.4190, 105.4146,  90.7145, 202.2604, 180.1214,
        114.0090, 215.2780, 220.2077, 147.6217, 115.0735, 146.5390, 110.9495,
        150.9617, 211.0081, 211.9256, 155.5345, 152.2701, 212.4593, 220.9956,
        227.2180, 205.3201, 177.6599, 217.6020, 113.7552, 235.4732, 116.8221,
        115.4305, 148.1147, 161.6674, 114.5998, 205.2193, 204.2220, 151.7481,
        172.4426, 100.4618, 208.6554, 110.9414, 178.6148, 207.9812, 168.5681,
        116.2772, 110.2334, 168.4480, 177.0383])
tensor([197.6019, 115.0500, 168.2477, 189.2606, 127.0851, 218.3058, 128.6216,
        193.2545, 202.1903, 119.2437, 194.4499, 218.3642, 187.4030, 114.8223,
        210.0133, 201.0435, 130.4500, 105.4146,  90.7145, 202.2604, 180.1214,
        132.0216, 215.2780, 123.3381, 186.9535, 128.1011, 146.5390, 110.9495,
        150.9617, 201.2986, 211.9256, 198.1660, 196.1992, 204.7161, 199.7103,
        227.2180, 205.3201, 177.6599, 217.6020, 127.3389, 235.4732, 116.8221,
        115.4305, 186.9320, 161.6674, 114.5998, 205.2193, 204.2220, 151.7481,
        127.0103, 191.9848, 195.7140, 129.3068, 130.8005, 130.5990, 168.5681,
        126.1823, 129.4742, 121.8119, 177.0383])
tensor([197.6019, 115.0500, 168.2477, 189.2606, 127.0851, 218.3058, 150.2968,
        193.2545, 186.3434, 152.6805, 194.4499, 181.0970, 181.4391, 153.2879,
        180.9286, 201.0435, 130.4500, 175.5175, 180.8139, 179.0782, 153.3415,
        151.4239, 182.0459, 123.3381, 180.5463, 158.4382, 177.2977, 147.4587,
        150.9617, 201.2986, 177.6306, 183.5173, 196.1992, 178.9262, 199.7103,
        148.4656, 205.3201, 146.5363, 217.6020, 127.3389, 153.2947, 154.5394,
        115.4305, 186.9320, 161.6674, 114.5998, 205.2193, 204.2220, 179.5132,
        127.0103, 178.0020, 195.7140, 141.7930, 155.6632, 130.5990, 168.5681,
        160.9057, 129.4742, 121.8119, 147.9448])
tensor([197.6019, 166.8223, 166.4734, 156.0536, 170.2395, 218.3058, 184.7454,
        193.2545, 169.4992, 166.3277, 194.4499, 181.0970, 159.0145, 168.7594,
        167.2598, 201.0435, 180.1572, 175.5175, 180.8139, 179.0782, 174.4271,
        151.4239, 182.0459, 123.3381, 180.5463, 182.5954, 177.2977, 147.4587,
        150.9617, 201.2986, 176.0725, 183.5173, 196.1992, 178.9262, 163.7866,
        180.8909, 205.3201, 178.8465, 162.0297, 127.3389, 173.6996, 163.8559,
        177.8773, 186.9320, 164.4270, 184.7685, 205.2193, 204.2220, 162.5154,
        127.0103, 159.7751, 160.4939, 141.7930, 155.6632, 180.5088, 171.5209,
        160.9057, 181.5434, 121.8119, 183.7599])
tensor([197.6019, 267.4066, 271.8111, 156.0536, 273.7795,  69.1694, 184.7454,
         59.3858,  68.2427, 166.3277,  65.0365,  68.0033, 159.0145, 273.8104,
        167.2598, 201.0435, 180.1572,  60.4582,  67.6360,  63.2806, 278.8845,
        271.1629, 182.0459, 123.3381, 180.5463, 182.5954,  66.0223, 147.4587,
        150.9617,  66.9551, 176.0725, 183.5173, 196.1992,  63.8383,  66.8455,
        180.8909,  63.3094, 178.8465, 162.0297, 127.3389, 278.5941, 275.7524,
        177.8773,  64.7806, 268.0843, 271.1517, 205.2193, 204.2220,  62.4237,
        267.4996, 159.7751,  60.7088, 262.7017, 155.6632, 180.5088, 171.5209,
        160.9057, 181.5434, 267.2362, 266.9532])
tensor([197.6019, 267.4066, 271.8111, 156.0536, 123.8427, 188.7190, 184.7454,
         59.3858, 199.1802, 166.3277, 189.2581,  68.0033, 188.3192, 273.8104,
        167.2598, 201.0435, 124.3691,  60.4582,  67.6360, 185.5013, 278.8845,
        124.1630, 189.4367, 123.3381, 187.6003, 123.1285,  66.0223, 124.1304,
        191.1873, 196.5085, 198.6122, 183.5173, 196.1992, 196.9956, 195.6269,
        180.8909,  63.3094, 118.2004, 189.8030, 121.7513, 124.8281, 275.7524,
        123.7145, 187.3412, 118.8998, 271.1517, 118.9049, 187.3113,  62.4237,
        121.0022, 159.7751,  60.7088, 262.7017, 129.0715, 121.9442, 171.5209,
        122.8205, 181.5434, 267.2362, 266.9532])
tensor([203.3120, 129.4437, 271.8111, 205.1394, 133.8823, 188.7190, 130.6776,
         59.3858, 210.6828, 166.3277, 189.2581,  68.0033, 209.4877, 127.9355,
        209.0691, 201.0435, 133.8018,  60.4582,  67.6360, 199.9144, 134.5346,
        131.5454, 189.4367, 132.5823, 187.6003, 123.1285,  66.0223, 124.1304,
        207.3177, 196.5085, 212.5190, 183.5173, 196.1992, 196.9956, 206.0485,
        180.8909, 195.2303, 118.2004, 208.7388, 134.8542, 134.2026, 129.5348,
        134.0403, 207.2443, 129.8197, 130.6412, 131.7478, 187.3113,  62.4237,
        134.5207, 159.7751,  60.7088, 262.7017, 129.0715, 121.9442, 126.7999,
        122.8205, 181.5434, 128.4564, 266.9532])
tensor([203.3120, 243.9677, 271.8111, 205.1394, 245.5781, 103.4338, 130.6776,
         59.3858, 112.2220, 240.2416, 103.1745,  68.0033, 102.9154, 236.4597,
         99.8268, 100.6936, 248.9676, 105.8540, 105.7878, 103.8143, 134.5346,
        243.2561, 189.4367, 132.5823, 105.1965, 240.3126,  66.0223, 124.1304,
        101.0244, 196.5085, 106.1477, 101.4280, 196.1992, 196.9956, 206.0485,
        180.8909, 105.0898, 235.7499, 101.3808, 134.8542, 245.7482, 129.5348,
        134.0403, 207.2443, 129.8197, 243.8845, 234.1012, 187.3113,  62.4237,
        134.5207,  99.4316,  60.7088, 262.7017, 245.8196, 235.9670, 126.7999,
        122.8205, 181.5434, 128.4564, 237.0220])
tensor([223.8883, 126.6647, 271.8111, 216.8878, 245.5781, 218.6017, 130.6776,
        210.7284, 223.6883, 240.2416, 103.1745,  68.0033, 102.9154, 126.1376,
        226.8850, 217.9528, 130.0606, 105.8540, 215.8063, 103.8143, 134.5346,
        243.2561, 189.4367, 132.5823, 214.7415, 131.5121, 213.6347, 126.7468,
        101.0244, 224.0804, 226.5887, 101.4280, 196.1992, 223.5821, 218.6444,
        126.1888, 105.0898, 235.7499, 101.3808, 132.6010, 245.7482, 125.4744,
        131.4245, 229.1156, 129.8197, 243.8845, 129.3795, 216.5566,  62.4237,
        134.5207,  99.4316, 211.5536, 262.7017, 245.8196, 125.5398, 126.7999,
        130.8316, 181.5434, 126.0393, 237.0220])
tensor([223.8883, 116.6158, 110.0839, 238.8503, 113.4774, 218.6017, 108.9766,
        210.7284, 254.6539, 111.8259, 103.1745,  68.0033, 102.9154, 109.4564,
        246.5555, 241.2218, 130.0606, 240.4711, 215.8063, 103.8143, 112.1628,
        243.2561, 189.4367, 113.0416, 240.8201, 116.4606, 213.6347, 113.2148,
        101.0244, 253.0641, 255.4590, 247.7511, 229.4168, 255.5904, 243.1013,
        126.1888, 241.8112, 106.7826, 101.3808, 132.6010, 245.7482, 110.4141,
        131.4245, 229.1156, 129.8197, 117.5994, 129.3795, 216.5566,  62.4237,
        134.5207,  99.4316, 238.2594, 262.7017, 118.9408, 114.1276, 106.7571,
        130.8316, 181.5434, 126.0393, 237.0220])
tensor([223.8883, 116.6158, 228.5096, 122.6492, 113.4774, 129.7378, 231.5132,
        210.7284, 131.9946, 111.8259, 103.1745,  68.0033, 102.9154, 109.4564,
        246.5555, 241.2218, 130.0606, 130.4083, 126.6513, 120.3629, 112.1628,
        229.4704, 125.3589, 239.6734, 240.8201, 241.3737, 213.6347, 233.1117,
        101.0244, 253.0641, 127.2771, 247.7511, 118.4526, 255.5904, 124.5626,
        224.2132, 127.0723, 106.7826, 125.1957, 224.6743, 245.7482, 232.4602,
        233.8180, 128.5736, 129.8197, 233.1763, 129.3795, 216.5566, 121.4317,
        134.5207, 132.1335, 122.6181, 212.0667, 118.9408, 114.1276, 233.8436,
        130.8316, 228.2279, 126.0393, 237.0220])
tensor([196.2894, 150.9993, 151.1989, 206.4978, 149.5263, 129.7378, 231.5132,
        210.7284, 131.9946, 145.8907, 205.4170, 208.5435, 102.9154, 109.4564,
        246.5555, 208.3496, 130.0606, 130.4083, 212.1079, 120.3629, 112.1628,
        152.1469, 207.8906, 239.6734, 240.8201, 241.3737, 204.3964, 150.3800,
        101.0244, 253.0641, 219.0544, 247.7511, 204.5007, 255.5904, 213.0710,
        224.2132, 127.0723, 106.7826, 206.9172, 145.3332, 152.8523, 232.4602,
        155.4190, 205.1274, 129.8197, 159.1281, 129.3795, 216.5566, 121.4317,
        134.5207, 193.9406, 122.6181, 150.2119, 161.7970, 114.1276, 147.4825,
        151.4467, 149.1690, 151.7357, 237.0220])
tensor([165.8625, 210.4438, 211.3796, 206.4978, 215.2778, 155.9329, 215.8026,
        151.3405, 131.9946, 145.8907, 205.4170, 156.3196, 160.4540, 109.4564,
        158.2995, 160.0764, 130.0606, 158.2540, 152.5749, 120.3629, 112.1628,
        152.1469, 163.5050, 216.2496, 240.8201, 222.0485, 204.3964, 150.3800,
        101.0244, 253.0641, 219.0544, 247.7511, 154.2388, 255.5904, 213.0710,
        214.1640, 149.7820, 106.7826, 159.7190, 145.3332, 208.7428, 232.4602,
        155.4190, 163.2925, 129.8197, 159.1281, 215.5310, 144.6613, 153.7047,
        134.5207, 162.3927, 122.6181, 200.4344, 161.7970, 114.1276, 147.4825,
        151.4467, 215.6758, 210.1436, 198.4255])
tensor([165.8625, 144.7529, 211.3796, 226.1817, 145.2841, 155.9329, 215.8026,
        151.3405, 238.0678, 138.3165, 226.6080, 234.4537, 160.4540, 109.4564,
        158.2995, 160.0764, 143.9158, 158.2540, 152.5749, 120.3629, 112.1628,
        152.1469, 232.8441, 143.4746, 240.8201, 136.2908, 204.3964, 139.0752,
        224.4265, 235.3259, 219.0544, 228.4942, 154.2388, 237.8021, 213.0710,
        214.1640, 234.7745, 106.7826, 234.8337, 145.3332, 208.7428, 232.4602,
        143.2285, 163.2925, 137.3556, 159.1281, 215.5310, 228.1399, 153.7047,
        134.5207, 221.0456, 225.4561, 143.1289, 149.3270, 136.3402, 133.2781,
        151.4467, 134.3836, 144.5073, 144.3874])
tensor([165.8625, 201.9469, 199.3041, 226.1817, 145.2841, 155.9329, 215.8026,
        151.3405, 238.0678, 138.3165, 226.6080, 160.4000, 165.7728, 109.4564,
        165.0481, 163.8808, 202.8573, 161.0320, 152.5749, 145.0093, 112.1628,
        152.1469, 170.7007, 143.4746, 240.8201, 216.0359, 159.8940, 206.3114,
        156.4878, 160.4497, 155.0983, 228.4942, 159.8526, 237.8021, 213.0710,
        206.8172, 150.9249, 106.7826, 234.8337, 204.9219, 199.4383, 200.5186,
        143.2285, 163.2925, 137.3556, 159.1281, 215.5310, 228.1399, 159.9798,
        203.7236, 171.1168, 225.4561, 198.5709, 197.4485, 136.3402, 205.0052,
        210.8405, 134.3836, 144.5073, 197.9039])
tensor([165.8625, 201.9469, 199.3041, 226.1817, 145.2841, 174.1097, 215.8026,
        163.8941, 238.0678, 138.3165, 177.2682, 160.4000, 165.7728, 109.4564,
        165.0481, 175.9753, 202.8573, 161.0320, 179.6632, 145.0093, 112.1628,
        152.1469, 170.7007, 190.4313, 177.1804, 216.0359, 166.8961, 192.1028,
        176.0740, 182.0137, 155.0983, 228.4942, 174.7365, 183.5433, 183.3957,
        182.8171, 150.9249, 168.8442, 234.8337, 179.1906, 187.7137, 192.5907,
        192.4907, 170.5494, 137.3556, 197.7070, 215.5310, 176.1687, 175.2649,
        203.7236, 163.8798, 225.4561, 198.5709, 200.0429, 183.4424, 205.0052,
        188.7598, 134.3836, 195.2486, 198.0437])
tensor([217.6553, 201.9469, 155.1628, 206.0272, 145.2841, 174.1097, 165.0314,
        163.8941, 238.0678, 154.6316, 201.4449, 203.0279, 165.7728, 158.6258,
        207.7765, 175.9753, 158.5481, 161.0320, 179.6632, 193.3386, 160.2813,
        152.1469, 213.4363, 190.4313, 177.1804, 173.4416, 207.4417, 192.1028,
        204.0252, 204.8289, 155.0983, 204.5576, 174.7365, 183.5433, 183.3957,
        161.4752, 198.6728, 168.8442, 234.8337, 179.1906, 156.2325, 155.4018,
        161.5705, 211.6887, 137.3556, 156.5923, 169.3957, 176.1687, 175.2649,
        203.7236, 214.5738, 198.6758, 198.5709, 153.7799, 183.4424, 205.0052,
        188.7598, 134.3836, 195.2486, 153.7076])
tensor([  0.0000,  25.0307,  32.9782,  32.6373,   0.0000,  32.5065,   0.0000,
          0.0000,   0.0000,   0.0000,  36.1553,  26.8580,   0.0000,  27.2598,
          0.0000,   0.0000,  27.1396,  31.1262,   0.0000,  27.3964,   0.0000,
          0.0000,   0.0000,  30.1074,   0.0000,  33.1720,   0.0000,  29.9666,
         32.3224,   0.0000,   0.0000,   0.0000,  36.9080,   0.0000,  31.6377,
          0.0000,   0.0000,  32.6455,  36.5241,   0.0000,  35.2748,   0.0000,
         24.9779,   0.0000,  25.3833,  32.9006,   0.0000,  35.7372,   0.0000,
          0.0000,   0.0000,  29.1233, 119.2380,  27.0360,  34.7471, 124.7031,
         33.9830,   0.0000,  26.1994,   0.0000])
tensor([ 0.0000, 27.7010, 32.9782, 32.6373,  0.0000, 32.5065,  0.0000,  0.0000,
        27.9556,  0.0000, 28.5074, 27.2349,  0.0000, 27.2598, 52.6066, 52.2883,
        27.1396, 31.1262,  0.0000, 27.3964, 55.2571,  0.0000, 27.3342, 28.0389,
        52.0118, 33.1720, 26.4983, 28.2036, 28.7702, 27.1310, 26.4015,  0.0000,
        29.0500, 26.7139, 31.6377, 26.4409,  0.0000, 32.6455, 28.6725,  0.0000,
        27.8409,  0.0000, 27.6608, 26.5523, 27.5052, 32.9006, 26.7284, 35.7372,
        26.7636,  0.0000,  0.0000, 29.1233, 55.2669, 28.1824, 29.1220, 54.7517,
        33.9830,  0.0000, 27.5296,  0.0000])
tensor([ 0.0000, 27.7010, 32.9782, 32.6373,  0.0000, 32.5065,  0.0000,  0.0000,
        27.9556,  0.0000, 31.5999, 27.2349,  0.0000, 27.2598, 62.6957, 62.6393,
        27.1396, 30.1665,  0.0000, 33.3497, 59.4007,  0.0000, 30.8012, 28.0389,
        52.0118, 33.7276, 26.4983, 28.2036, 28.7702, 30.4114, 30.6076, 29.6379,
        31.5695, 31.6612, 31.6377, 30.9964, 31.7078, 32.6455, 28.6725,  0.0000,
        27.8409, 31.8783, 33.2987, 31.3238, 32.5061, 30.7832, 32.7773, 30.8481,
        32.8772, 31.8532, 30.4369, 34.8888, 55.2669, 33.0231, 29.1220, 58.4169,
        34.5378,  0.0000, 27.5296, 31.8061])
tensor([34.6835, 27.7010, 32.9782, 39.6627, 36.2932, 32.5065, 36.0086,  0.0000,
        31.7011,  0.0000, 31.5999, 27.2349, 30.4712, 38.3731, 76.2939, 62.6393,
        27.1396, 33.2147,  0.0000, 39.1715, 59.4007, 37.5733, 30.8012, 39.5293,
        52.0118, 33.7276, 36.4028, 42.0205, 28.7702, 30.4114, 30.6076, 35.0375,
        34.9527, 38.9163, 31.6377, 36.8991, 39.5400, 32.7438, 28.6725, 36.7123,
        27.8409, 39.6928, 33.2987, 31.3238, 32.5061, 33.6385, 40.9291, 30.8481,
        32.8772, 31.8532, 37.4437, 44.8469, 55.2669, 40.5992, 29.1220, 58.4169,
        43.1241, 30.5695, 27.5296, 39.5985])
tensor([45.1689, 46.3969, 30.0880, 54.1604, 50.0964, 31.2752, 36.0086, 40.7786,
        30.3672,  0.0000, 30.8686, 46.1327, 30.4712, 49.3562, 76.2939, 88.7087,
        45.7425, 30.3069, 42.0158, 39.1715, 59.4007, 37.5733, 30.8012, 53.2786,
        82.6895, 33.7276, 36.4028, 57.9030, 28.7702, 30.4114, 30.6076, 35.0375,
        34.9527, 38.9163, 31.6377, 36.8991, 39.5400, 32.7438, 28.6725, 36.7123,
        52.8505, 39.6928, 33.2987, 45.6239, 47.5767, 30.3063, 40.9291, 30.6148,
        52.9200, 51.6772, 37.4437, 61.1695, 58.6997, 40.5992, 29.1220, 58.3163,
        43.1241, 29.5156, 45.9215, 39.5985])
tensor([40.8021, 40.0686, 44.4006, 54.1604, 50.0964, 46.7456, 44.5001, 38.7708,
        30.3672, 43.7144, 30.8686, 46.1327, 30.4712, 49.3562, 90.1221, 86.4347,
        39.6230, 30.3069, 40.2651, 39.6119, 89.4500, 46.6425, 45.8813, 53.2786,
        82.6895, 45.6160, 36.4028, 57.9030, 46.1158, 30.4114, 39.3144, 39.0657,
        34.9527, 38.9163, 31.6377, 40.5643, 39.5400, 32.7438, 47.1654, 45.7866,
        47.5341, 39.6928, 33.2987, 45.6239, 47.5767, 30.3063, 40.9291, 47.5514,
        52.9200, 51.6772, 41.4141, 61.1695, 58.6997, 40.5992, 47.9252, 87.7943,
        47.4371, 29.5156, 39.2638, 45.9407])
tensor([40.8021, 56.9094, 37.7420, 57.7975, 50.0964, 46.7456, 54.7052, 38.7708,
        37.9014, 38.8733, 38.6558, 46.1327, 30.4712, 49.3562, 90.1221, 86.4347,
        55.2719, 30.3069, 40.2651, 39.6119, 79.3041, 56.9959, 45.8813, 53.2786,
        82.6895, 56.0780, 55.0116, 57.9030, 37.8759, 53.7399, 39.3144, 53.7871,
        40.1399, 57.7324, 37.1230, 56.0924, 39.5400, 38.3781, 38.6255, 55.2988,
        47.5341, 57.0922, 33.2987, 45.6239, 47.5767, 38.6107, 57.1748, 47.5514,
        52.9200, 59.0343, 55.7047, 61.1695, 58.6997, 59.1447, 47.9252, 77.6955,
        59.2806, 29.5156, 39.2638, 45.9407])
tensor([39.4365, 56.9094, 66.2940, 57.7975, 44.1596, 69.8774, 54.7052, 38.5658,
        37.9014, 68.5451, 67.1027, 46.1327, 30.4712, 49.3562, 88.7950, 83.8323,
        37.2718, 71.9012, 40.2651, 39.6119, 79.3041, 56.9959, 45.8813, 43.5048,
        82.5476, 56.0780, 39.3773, 43.6277, 69.0006, 53.7399, 39.3144, 53.7871,
        78.6769, 39.4702, 37.1230, 56.0924, 39.5400, 71.5545, 38.6255, 45.7150,
        44.8251, 57.0922, 33.2987, 45.6239, 47.5767, 73.3371, 45.3249, 47.5514,
        52.9200, 47.2904, 39.3890, 61.1695, 58.6997, 59.1447, 72.5922, 77.6955,
        43.8708, 60.4397, 37.1820, 44.3566])
tensor([ 39.4365,  54.6131,  66.2940,  93.9186,  44.1596,  69.8774,  87.7256,
         38.5658,  37.9014,  68.5451,  67.1027,  52.7943,  30.4712,  55.3715,
        176.5167,  83.8323,  37.2718,  71.9012,  40.2651,  53.1154,  79.3041,
         56.9959,  45.8813,  43.5048, 154.5609,  56.0780,  57.5069,  94.6229,
         69.0006,  54.7413,  53.4532,  53.7871,  36.7580,  59.9964,  33.3254,
         56.0924,  39.5400,  71.5545,  38.6255,  45.7150,  93.7704,  89.3846,
         55.1936,  45.6239,  47.5767,  36.0871,  45.3249,  47.5514,  93.8482,
         94.8796,  56.3057,  98.8522,  68.9836,  56.1621,  72.5922,  70.0308,
         96.7512,  33.9763,  53.6932,  86.2209])
tensor([ 71.9308,  74.9301,  66.2940,  75.4128,  71.1257,  69.8774,  72.7812,
         65.0331,  37.9014,  34.9936,  67.1027,  52.7943,  33.0708,  74.8488,
        176.5167,  83.8323,  37.2718,  71.9012,  68.5402,  72.5006,  79.3041,
         56.9959,  45.8813,  71.4825, 154.5609,  56.0780,  72.2144,  94.6229,
         33.2344,  71.7981,  53.4532,  72.3390,  36.7580,  76.1423,  33.3254,
         56.0924,  39.5400,  71.5545,  38.6255,  71.6881,  93.7704,  89.3846,
         73.6610,  71.9943,  72.0016,  36.0871,  45.3249,  34.3888,  75.7458,
         79.5297,  72.5838,  79.3509,  74.2143,  56.1621,  33.1042,  74.5127,
         96.7512,  33.9763,  53.6932,  72.0812])
tensor([ 71.9308,  91.8355,  39.5527,  75.4128,  57.7032,  40.4227,  59.6276,
         77.2379,  39.6510,  42.9932,  67.1027,  52.7943,  39.5613,  88.7692,
        118.0829,  83.8323,  83.7554,  71.9012,  68.5402,  72.5006,  79.3041,
         60.2584,  39.7374,  56.3691, 154.5609,  56.6288,  72.2144,  94.6229,
         33.2344,  86.9729,  77.2206,  88.1972,  36.7580,  76.1423,  33.3254,
         56.0924,  60.2921,  71.5545,  38.6255,  71.6881,  93.7704,  58.7491,
         73.6610,  84.8036,  85.4027,  43.0298,  60.0013,  34.3888,  61.0219,
         63.0692,  72.5838,  79.3509,  92.3661,  56.1621,  40.2186,  74.5127,
         96.7512,  33.9763,  53.6932,  59.1676])
tensor([ 71.9308,  91.8355,  39.5527,  75.4128,  81.7972,  56.4497,  85.2769,
         77.2379,  39.6510,  59.1388,  55.2561,  50.0112,  39.5613,  88.7692,
        162.2252,  83.8323,  49.1959,  56.7190,  52.1277,  72.5006,  79.3041,
         60.2584,  54.9502,  82.6845, 154.5609,  81.2560,  53.8488,  86.1590,
         33.2344,  52.5581,  50.5997,  50.1979,  36.7580,  54.3721,  33.3254,
         53.3685,  60.2921,  71.5545,  54.4428,  71.6881,  93.7704,  58.7491,
         73.6610,  53.8057,  49.4235,  43.0298,  86.5030,  57.1440,  61.0219,
         63.0692,  52.9638,  88.1071,  92.3661,  52.7687,  40.2186,  74.5127,
         96.7512,  53.8617,  53.6932,  81.0290])
tensor([ 71.9308,  91.8355,  31.3526,  75.4128,  77.6265,  32.0633,  79.8920,
         88.2537,  31.1558,  34.8763,  55.2561,  89.6546,  39.5613,  88.7692,
        164.0392, 144.1792,  92.8272,  56.7190,  89.2171,  72.5006,  79.3041,
         77.8478,  54.9502,  82.6845, 141.6836,  81.2560,  93.4143,  82.7776,
         31.6313,  52.5581,  50.5997,  50.1979,  36.7580,  98.3270,  29.1311,
         53.3685,  60.2921,  71.5545,  54.4428,  71.6881,  93.7704,  77.8803,
         95.8881,  95.2639,  93.3606,  34.5670,  86.5030,  57.1440,  61.0219,
         86.9813,  52.9638,  82.2514,  92.3661,  52.7687,  31.7793,  73.1643,
         76.9989,  31.5425,  53.6932,  81.0290])
tensor([ 71.9308,  44.4803,  31.3526,  76.6808,  77.6265,  32.0633,  79.8920,
         88.2537,  31.1558,  73.2813,  66.6248,  45.2467,  39.5613,  88.7692,
        164.0392, 148.6647,  44.6263,  70.6207,  89.2171,  72.5006,  79.3041,
         73.2177,  66.5767,  74.1329, 142.9636,  72.9769,  47.7995,  82.7776,
         70.0091,  47.0854,  44.6149,  50.1979,  71.9065,  98.3270,  29.1311,
         53.3685,  76.1021,  71.5545,  66.1677,  71.6881,  93.7704,  73.7568,
         95.8881,  95.2639,  44.6594,  74.3430,  76.1339,  57.1440,  76.7327,
         86.9813,  46.4427,  82.2514,  92.3661,  46.9112,  68.4506,  73.1643,
         76.9989,  66.7600,  53.6932,  72.8375])
tensor([ 66.6500,  69.0474,  31.3526,  76.6808,  77.6265,  41.8609,  99.5591,
         88.2537,  31.1558,  73.2813,  66.6248,  65.8363,  39.9809,  68.6157,
        208.8050, 148.6647,  44.6263,  70.6207,  89.2171,  72.5006,  83.6710,
         73.2177,  66.5767,  74.1329, 189.8326,  95.9155,  70.7704,  82.7776,
         70.0091,  71.3057,  44.6149,  50.1979,  71.9065,  72.8240,  38.2931,
         67.6051,  76.1021,  71.5545,  40.4337,  92.6134,  95.7678,  73.7568,
         68.9966,  95.2639,  44.6594,  74.3430, 105.2715,  40.4687, 106.8505,
         86.9813,  46.4427, 103.3465,  81.3534,  71.2780,  68.4506,  81.6149,
         76.9989,  41.1771,  65.2043,  97.2632])
tensor([ 59.4398,  69.0474,  31.3526,  76.6808,  52.8570,  41.8609,  99.5591,
         88.2537,  72.0984,  73.2813,  66.6248,  56.9052,  77.0863,  60.6663,
        208.8050, 148.6647,  57.4913,  79.4792,  89.2171,  72.5006,  83.6710,
         73.2177,  77.8683,  74.1329, 189.8326,  95.9155,  70.7704,  52.6674,
         70.0091,  60.0209,  55.0470,  55.7188,  84.0424,  57.9757,  38.2931,
         59.1496,  56.3514,  83.8039,  78.7444,  53.0612,  51.4098,  73.7568,
         68.9966,  56.8839,  44.6594,  74.3430, 105.2715,  78.0700, 106.8505,
         57.5894,  57.0122,  52.1273,  81.3534,  60.0563,  77.9850,  81.6149,
         50.8751,  41.1771,  54.9328,  97.2632])
tensor([124.9726, 117.6535,  31.3526,  68.2253,  52.8570,  37.3575,  99.5591,
         88.2537,  34.1255,  39.9222,  36.9197, 115.6692,  77.0863,  60.6663,
        208.8050, 148.6647, 117.7631,  37.1378, 110.2136,  72.5006,  83.6710,
         70.2141,  36.7088,  61.8920, 144.7109,  65.3273,  70.7704,  52.6674,
         70.0091, 125.7946,  55.0470, 118.5005,  41.5444,  57.9757,  38.2931,
        125.3053,  56.3514,  40.0226,  36.8715,  66.5611,  62.5992,  73.7568,
         68.9966, 117.2383,  44.6594,  74.3430, 105.2715,  78.0700,  74.4555,
         57.5894,  57.0122,  52.1273,  81.3534, 125.7169,  38.1970,  81.6149,
         50.8751,  35.7865,  54.9328,  69.2858])
tensor([124.9726, 117.6535,  31.3526,  68.2253,  73.6201,  67.7887,  99.5591,
         88.2537,  65.3609,  75.0659,  36.9197, 115.6692,  77.0863,  67.3232,
        208.8050, 148.6647,  60.6036,  37.1378, 110.2136,  55.9299, 136.0646,
         74.5002,  36.7088,  61.8920, 155.3422,  72.2941,  70.7704,  52.6674,
         75.2682, 125.7946,  60.0234,  59.6501,  72.5858,  59.6250,  62.1062,
        125.3053,  79.0751,  75.0607,  36.8715,  66.5611,  74.5229,  71.8241,
         68.9966,  61.2119,  58.3370,  76.8150,  77.9800,  68.6830,  74.4555,
         57.5894,  57.0122,  52.1273, 131.1483, 125.7169,  68.7341,  81.6149,
         50.8751,  35.7865,  59.6038,  73.0956])
tensor([124.9726, 117.6535,  83.6105,  65.9682,  65.0472,  91.1614,  99.5591,
         47.6006,  65.3609,  75.0659,  87.5190, 115.6692,  77.0863,  56.6291,
        138.3186, 148.6647,  60.6036,  88.0945,  51.3392,  49.9228, 189.7854,
         65.8342,  88.0563,  61.9492, 133.2446,  72.2941,  70.7704,  52.6674,
         91.8762,  58.5894,  60.0234,  54.9030,  99.5137,  57.3210,  62.1062,
         56.4946,  79.0751,  99.8314,  36.8715,  66.5611,  64.4544,  71.8241,
         68.9966,  53.9274,  58.3370, 101.1276,  77.9800,  85.8421,  74.4555,
         57.5894,  50.3976,  52.1273, 131.1483,  58.3879,  93.0446,  81.6149,
         50.8751,  35.7865,  59.6038,  73.0956])
tensor([124.9726, 117.6535,  83.6105,  65.9682,  65.0472,  91.1614,  74.5822,
         47.6006,  60.3061,  75.0659,  59.6795,  68.9663,  63.3919,  79.8260,
        168.9958, 151.3678,  60.6036,  67.2444,  51.3392,  49.9228, 134.2845,
         78.7023,  63.1559,  74.8471, 176.4241,  72.5274,  70.7704,  52.6674,
         70.9542,  58.5894,  70.2174,  54.9030,  72.0062,  57.3210,  62.1062,
         79.5727,  80.2584,  71.5355,  36.8715,  75.4262,  78.0605,  71.8241,
         69.3505,  72.6343,  58.3370,  73.5983,  77.9800,  85.8421,  74.4555,
         57.5894,  50.3976,  52.1273, 123.5808,  75.2157,  93.0446,  81.6149,
         50.8751,  35.7865,  70.7762,  74.0966])
tensor([124.9726,  62.6670,  83.6105,  65.9682,  93.1330,  62.3383,  94.9457,
         47.6006,  59.1653,  75.0659,  59.6795,  62.1526,  63.3919,  79.8260,
        168.9958, 151.3678,  62.1404,  67.2444,  61.4189,  58.9541, 138.2333,
         78.7023,  60.3301,  90.8491, 208.3951,  94.1114,  70.7704,  52.6674,
         60.8951,  58.5894,  58.3329,  54.9030,  72.0062,  57.3210,  57.3546,
         79.5727,  80.2584,  71.5355,  55.2511,  91.1436,  94.4677,  91.7681,
         62.1400,  65.3756,  60.2178,  67.2613,  77.9800,  85.8421, 106.3519,
         57.5894,  50.3976,  52.1273, 123.5808,  75.2157,  93.0446, 119.3553,
         95.3794,  61.0469,  70.7762,  94.4775])
tensor([ 60.8879,  62.6670,  83.6105,  65.9682,  77.3462,  62.3383,  76.6865,
         47.6006,  59.1653,  78.7823,  59.6795,  62.1526,  74.5124,  61.6779,
        168.9958, 155.4200,  55.7599,  67.2444,  58.8871,  58.9541, 163.3173,
         76.8537,  69.5309,  77.4595, 173.9327,  94.1114,  70.7704,  76.1729,
         60.8951,  58.5894,  56.7217,  55.2826,  72.0062,  57.3210,  66.0282,
         62.0530,  80.2584,  71.5355,  70.0609,  91.1436,  80.7962,  76.2198,
         62.1400,  65.3756,  60.2178,  77.7436,  77.4275,  85.8421,  78.2040,
         82.9739,  55.8355,  52.1273, 123.5808,  60.0693,  93.0446, 119.3553,
         76.1380,  74.3800,  70.7762,  94.4775])
tensor([ 60.8879,  84.0108,  27.7765, 118.5070, 118.0528,  30.5971,  76.6865,
         75.0000,  29.9667,  34.3880,  59.6795,  82.4254,  31.6555,  61.6779,
        256.2364, 248.7017,  83.8498,  30.2258,  58.8871,  58.9541,  76.4739,
        120.0243,  69.5309, 115.7957, 173.9327, 115.9022,  70.7704, 120.4935,
         31.7422,  58.5894,  56.7217,  55.2826,  72.0062,  87.4287,  66.0282,
         62.0530,  80.2584,  71.5355,  70.0609, 113.9277,  80.7962, 115.8558,
         62.1400,  65.3756,  60.2178,  33.9789, 129.8505,  85.8421, 130.3703,
         82.9739,  82.4513,  52.1273, 123.5808,  60.0693,  30.5223, 119.3553,
        118.0461,  74.3800,  70.7762, 116.6407])
tensor([ 60.8879,  84.0108,  60.4702, 118.5070, 118.0528,  65.3238, 103.7447,
         49.1506,  62.7339,  34.3880,  58.9132,  52.6062,  31.6555,  61.6779,
        256.2364, 248.7017,  83.8498,  30.2258,  58.8871,  58.9541, 149.5502,
        120.0243,  69.5309, 115.7957, 218.1774, 100.9773,  52.7936, 120.4935,
         69.1323,  56.9071,  52.2591,  52.5546,  72.9742,  54.9963,  59.6992,
         62.0530,  80.2584,  71.8132,  62.1173,  98.8906,  80.7962, 115.8558,
         53.9909,  65.3756,  60.2178,  33.9789, 129.8505,  85.8421, 109.7980,
        111.5866,  82.4513, 107.6956, 123.5808,  57.4408,  30.5223, 130.5681,
        103.1907,  74.3800,  52.1672,  98.6102])
tensor([ 76.9966,  71.6925,  60.4702,  59.5225,  58.0786,  88.8549,  58.7099,
         49.1506,  87.3595,  98.8838,  58.9132,  71.7845,  31.6555,  61.6779,
        130.1617, 126.6607,  72.5357,  30.2258,  58.8871,  67.0347, 149.5502,
         62.2828,  84.4138, 115.7957, 218.1774,  59.0728,  52.7936,  61.3604,
         69.1323,  78.8972,  70.1855,  52.5546,  72.9742,  75.1807,  84.4205,
         62.0530,  80.2584,  71.8132,  82.7550,  59.4020,  80.7962,  58.1779,
         71.4711,  65.3756,  60.2178,  98.1131, 129.8505,  81.7355, 109.7980,
        111.5866,  82.4513,  59.0256, 123.5808,  57.4408,  30.5223, 130.5681,
         58.5096,  91.1943,  52.1672,  98.6102])
tensor([ 96.1675,  71.6925,  60.4702, 116.7484,  58.0786,  88.8549, 117.0010,
         82.0796,  36.2015,  98.8838,  34.9886,  71.7845,  38.5260,  96.6657,
        130.1617, 255.7866,  90.8204,  30.2258,  58.8871,  67.0347, 149.5502,
        116.9054,  84.4138, 108.6905, 260.4341, 112.9616,  52.7936,  61.3604,
         69.1323,  96.6467,  70.1855,  89.0291,  43.2995,  94.5485,  32.6882,
         62.0530,  80.2584,  71.8132,  82.7550, 116.5384,  80.7962,  58.1779,
         71.4711,  88.2642,  60.2178,  98.1131, 129.8505,  81.7355, 109.7980,
        122.2238,  86.4463, 115.5237,  73.8012,  95.3264,  35.4503, 130.5681,
        115.3752,  39.4071,  89.0680,  98.6102])
tensor([ 96.1675,  71.6925,  60.4702, 116.7484,  58.0786,  88.8549, 105.7100,
         82.0796,  39.9129,  42.7576,  34.9886,  95.0045,  41.9002, 103.5820,
        230.3342, 255.7866,  90.8204,  36.7508,  90.2888,  88.4840,  97.0997,
        104.4872,  36.6690, 108.6905, 233.5598, 106.2905,  91.1443, 109.7736,
         69.1323,  96.6467,  91.2345, 101.1765,  43.2995, 101.5425,  32.6882,
        104.6069,  80.2584,  42.0522,  82.7550, 116.5384,  97.0505,  98.2511,
         71.4711,  88.2642,  60.2178,  98.1131, 129.8505,  81.7355, 111.5574,
        122.2238,  95.3616, 115.5237,  86.4988, 106.0103,  35.4503, 130.5681,
        103.1219,  39.4071,  89.0680, 101.4928])
tensor([ 96.1675,  82.8939,  52.1204,  99.9703,  92.3035,  88.8549,  99.9086,
         82.0796,  56.7812,  63.2379,  34.9886,  95.0045,  61.7203,  93.0540,
        218.8212, 255.7866,  81.2020,  36.7508,  90.2888,  88.4840, 144.5048,
        104.4872,  36.6690, 108.6905, 233.5598,  93.5819,  91.1443, 109.7736,
         69.1323,  96.6467,  78.4478, 101.1765,  43.2995, 101.5425,  52.8710,
         92.0420,  80.2584,  62.7202,  55.1046, 116.5384,  95.1779,  94.5071,
         82.1754,  88.2642,  76.3741,  63.4208, 129.8505,  81.7355, 100.6096,
        122.2238,  80.7013,  99.4835,  86.4988, 106.0103,  54.1377, 120.1949,
        103.1219,  62.2579,  89.0680,  93.4508])
tensor([ 96.1675,  41.7265, 113.1094,  99.9703,  57.8696, 118.7296,  99.9086,
         38.6557, 122.7711,  63.2379, 112.2169,  40.8672,  61.7203,  49.0647,
        218.8212, 255.7866,  81.2020, 116.5499,  41.3588,  39.8320, 283.3902,
         60.7036,  36.6690, 108.6905, 233.5598,  93.5819,  40.2963, 109.7736,
         69.1323,  45.3878,  78.4478, 101.1765,  43.2995,  43.3055, 119.9618,
         92.0420,  64.3161,  62.7202,  55.1046, 116.5384,  57.0404,  58.2182,
         82.1754,  40.7736,  38.4299, 140.8546, 129.8505,  81.7355,  64.7591,
         67.4714,  80.7013,  62.0932, 252.9599, 106.0103,  54.1377, 120.1949,
        103.1219,  62.2579,  42.9086,  59.9275])
tensor([ 96.1675,  41.7265, 113.1094,  99.9703,  75.6873,  48.7144,  99.9086,
         38.6557,  47.9907,  63.2379,  46.3410,  40.8672,  51.7109,  49.0647,
        218.8212, 255.7866, 116.6238, 116.5499,  41.3588, 112.5844, 283.3902,
         81.4324,  46.7875, 108.6905, 174.7780,  75.2207,  40.2963,  81.6337,
         53.1141, 126.7446, 116.0170, 101.1765,  43.2995, 122.7333,  45.8300,
         92.0420,  64.3161,  56.3692,  48.0182,  74.8461,  75.8267,  58.2182,
        121.7156, 114.2057, 111.2560, 140.8546,  82.9246,  46.3843,  64.7591,
         84.9681,  80.7013,  62.0932, 252.9599, 125.6534,  45.9256, 120.1949,
         75.4961,  62.2579,  42.9086,  59.9275])
tensor([ 84.1293,  78.5745, 113.1094, 104.6583, 103.3065,  48.7144, 104.0021,
         38.6557,  73.5250,  63.2379,  46.3410,  40.8672,  77.2787,  82.8036,
        219.6266, 255.7866,  76.6208, 116.5499,  41.3588,  70.6325, 179.7800,
        107.2901,  46.7875,  93.4430, 174.7780,  75.2207,  40.2963,  81.6337,
         76.9412, 126.7446,  71.8787, 101.1765,  43.2995, 122.7333,  71.4512,
         92.0420, 112.2330,  56.3692,  65.7650, 100.9020, 102.7062,  97.8468,
         79.2751,  74.3277,  71.3148,  82.6336, 111.5522,  46.3843,  64.7591,
        114.3458,  80.7013,  62.0932, 252.9599, 125.6534,  45.9256, 150.4582,
         75.4961,  62.2579,  75.1629,  59.9275])
tensor([ 84.1293,  90.1572, 113.1094, 104.6583, 113.3169,  53.3723, 104.0021,
         38.6557,  57.7725,  64.2212,  51.3340,  40.8672,  65.5185,  97.1797,
        254.1053, 220.3490,  83.1451,  51.3591,  78.9831,  81.1331, 179.7800,
        115.9959,  46.7875,  93.4430, 246.6456, 109.9842,  40.2963,  81.6337,
         65.1396, 126.7446,  82.7740,  81.8395,  43.2995, 122.7333,  71.4512,
         92.0420, 123.3698,  63.9551,  56.0822, 100.9020, 114.2046,  97.8468,
         79.2751,  74.3277,  71.3148,  64.5502, 123.4306,  46.3843,  64.7591,
        114.3458,  78.3950,  62.0932, 252.9599,  89.7862,  52.8143, 150.4582,
         75.4961,  62.2579,  75.1629, 108.5214])
tensor([ 88.7140,  84.2539, 113.1094, 111.3644, 113.3169,  71.4549, 104.0021,
         68.2456,  74.7461,  64.2212,  51.3340,  40.8672,  65.5185,  90.2983,
        263.0730, 234.5002,  80.7869,  51.3591,  75.0655,  81.1331, 179.7800,
        115.9959,  46.7875,  93.4430, 252.8737, 111.3813,  71.8733, 111.4532,
         65.1396,  86.3746,  77.7127,  81.8395,  43.2995,  80.8467,  70.6028,
         89.8302, 123.3698,  63.9551,  56.0822, 104.0267, 114.2046, 103.4855,
         84.4032,  77.2874,  71.3148,  64.5502, 124.0274,  64.2029,  64.7591,
        114.3458,  78.3950, 110.4963, 252.9599,  89.7862,  71.2827, 150.4582,
        104.3203,  62.2579,  81.5612, 108.5214])
tensor([ 88.7140, 147.3287,  17.5340, 118.9841, 112.4909,  71.4549, 117.5764,
         68.2456,  21.6191,  22.8690,  51.3340,  40.8672,  65.5185, 158.0521,
        294.6913, 272.4417,  80.7869,  18.5607,  75.0655,  81.1331,  49.6520,
        115.9959,  46.7875, 102.5630, 296.1486, 113.1249,  71.8733, 122.1527,
         65.1396, 141.7110, 132.9853, 133.5479,  22.2736, 135.5434,  18.5801,
         89.8302, 127.1241,  22.6497,  56.0822, 104.0267, 114.2046, 115.1863,
         84.4032,  77.2874,  71.3148,  22.7057, 124.0274,  64.2029,  64.7591,
        114.3458,  78.3950, 121.6631, 252.9599, 140.6325,  20.3944,  38.0046,
        104.3203,  62.2579,  81.5612, 108.5214])
tensor([ 88.7140, 147.3287,  89.1881,  93.3879, 112.4909,  95.9869,  92.4602,
         68.2456, 104.2725,  22.8690,  51.3340,  40.8672,  65.5185, 158.0521,
        294.6913, 272.4417,  80.7869,  94.4858,  46.0629,  45.8454,  49.6520,
         86.4762,  88.6105,  85.3634, 296.1486,  92.2233,  71.8733,  93.8447,
         65.1396, 141.7110,  45.7077, 133.5479, 109.2348, 135.5434,  97.8017,
         53.7917,  97.9489,  22.6497,  90.7183,  84.2802, 114.2046,  87.2326,
         48.7079,  45.4776,  71.3148, 116.1097, 124.0274,  64.2029,  96.7769,
        114.3458,  43.7734,  93.5545, 192.8350, 140.6325,  20.3944, 204.6973,
        104.3203, 104.4925,  81.5612, 108.5214])
tensor([ 47.0567,  44.0406, 120.0068,  71.2147,  65.0956,  95.9869,  92.4602,
         68.2456, 104.2725, 147.7471, 117.4438,  37.3428,  65.5185, 158.0521,
        294.6913, 136.1622,  80.7869,  94.4858,  42.2067,  45.8454,  49.6520,
         65.8190, 122.7523,  85.3634, 296.1486,  92.2233,  37.3821,  71.3136,
         65.1396, 141.7110,  42.0753, 133.5479, 146.3042, 135.5434, 130.2574,
         53.7917,  97.9489,  22.6497, 125.6364,  65.5439,  63.5329,  87.2326,
         43.5471,  41.5255,  71.3148, 149.7309, 124.0274,  64.2029,  96.7769,
        114.3458,  38.3733,  93.5545, 272.0183,  45.2345,  20.3944, 284.8761,
         63.7273, 136.7086,  41.7326, 108.5214])
tensor([108.0547, 107.3078,  70.0676,  71.2147,  83.5389,  72.6221,  89.5857,
         82.1410, 104.2725, 147.7471, 117.4438,  88.3461,  78.6231, 158.0521,
        193.2278, 188.3023,  80.7869,  71.2374,  93.6132,  45.8454,  49.6520,
         65.8190,  71.6425,  76.1358, 296.1486,  83.6128,  37.3821,  71.3136,
         65.1396, 141.7110,  42.0753, 133.5479,  85.1505, 135.5434, 130.2574,
        107.8587,  92.7269,  22.6497,  71.9620,  65.5439,  78.5616,  87.2326,
         43.5471,  96.6129,  71.3148, 149.7309,  92.4426,  67.5424,  91.8071,
        114.3458,  91.8888,  93.5545, 173.9756,  45.2345,  20.3944, 284.8761,
         63.7273,  79.6298,  96.4071,  78.0917])
tensor([108.0547,  98.8765,  70.0676, 140.5696, 132.6223,  72.6221,  89.5857,
         82.1410,  49.8013,  59.0060,  46.4137,  84.1345,  78.6231, 158.0521,
        193.2278, 188.3023,  83.4376,  71.2374,  93.6132,  45.8454,  49.6520,
         65.8190,  48.1572, 122.5431, 296.1486, 132.2850,  37.3821, 137.7740,
         55.1185,  92.5561,  42.0753,  91.5195,  85.1505,  86.8712, 130.2574,
        107.8587, 149.7749,  22.6497,  49.2191,  65.5439,  78.5616,  87.2326,
         98.4795,  96.6129,  77.8353, 149.7309,  92.4426,  45.1254,  91.8071,
        114.3458,  87.4615, 136.5631, 112.0063,  92.7930,  45.8316, 106.5723,
         63.7273,  55.7260,  91.3802, 123.5806])
tensor([108.0547, 104.9094, 101.5241, 140.5696, 132.6223,  72.6221,  89.5857,
         82.1410,  49.8013,  59.0060,  46.4137,  86.6146, 124.0377, 158.0521,
        118.0724, 117.2080,  88.0194, 105.5324,  93.6132,  82.3060,  49.6520,
         65.8190, 108.3966, 122.5431, 296.1486,  56.2638,  77.2862,  58.3384,
        124.7859, 100.7687,  89.6651,  91.5195, 121.5804,  86.8712, 130.2574,
        103.3140,  60.8968,  22.6497,  49.2191,  52.1677,  49.3732,  49.9738,
         98.4795,  96.6129,  77.8353, 149.7309,  92.4426,  45.1254,  59.6285,
         56.7233,  89.1371, 136.5631, 268.8666, 100.4812,  45.8316, 262.1423,
         48.6782,  55.7260,  91.3802,  53.2291])
tensor([108.0547, 104.9094, 101.5241, 140.5696, 132.6223,  42.1998,  89.5857,
         76.6558,  49.8013,  59.0060,  43.6539,  86.6146, 124.0377, 158.0521,
        118.0724, 329.1528,  88.0194, 105.5324,  86.4745,  82.3060,  49.6520,
         65.8190, 108.3966, 132.3070, 310.3945,  56.2638,  85.4907, 155.3420,
         52.0070, 101.0754,  89.6651,  91.5195,  51.6921,  89.7012,  42.2697,
        102.6324,  60.8968,  51.9915,  49.2191, 140.3683, 142.4311, 137.7330,
        100.5450,  89.0255,  77.8353,  52.0910,  92.4426,  41.3444, 161.0185,
         56.7233,  90.6229, 136.5631, 268.8666, 101.8240,  42.7024, 262.1423,
        138.3166,  55.7260,  93.8012, 138.1630])
tensor([127.5930, 104.9094,  42.9587, 126.2018, 132.6223,  42.1998, 124.5256,
         76.6558,  49.8013,  57.6908,  44.2106, 104.6758, 124.0377, 127.7573,
        298.3960, 329.1528, 108.5434, 105.5324,  86.4745,  98.9926, 112.1964,
         65.8190,  45.2171, 132.3070, 310.3945, 123.9302, 104.6409, 155.3420,
         56.8085, 130.1007,  89.6651, 113.8173,  51.6921,  89.7012,  42.2697,
        128.8392, 138.7017,  51.9915,  49.2191, 140.3683, 119.5321, 118.4663,
        128.1538, 109.4222,  77.8353,  58.2157, 137.9527,  41.3444, 161.0185,
         56.7233, 115.4860, 134.3113, 268.8666, 131.0840,  42.7024, 262.1423,
        138.3166,  55.7260,  93.8012, 120.3105])
tensor([ 0.0000, 98.6715, 16.0086, 16.8638,  0.0000, 20.9260,  0.0000,  0.0000,
         0.0000,  0.0000, 28.2218, 15.9581,  0.0000, 21.6957,  0.0000,  0.0000,
        96.4623, 27.1695,  0.0000, 16.3571,  0.0000,  0.0000,  0.0000, 25.0120,
         0.0000, 20.9520,  0.0000, 86.3896, 24.4311,  0.0000,  0.0000,  0.0000,
        27.7183,  0.0000, 16.2742,  0.0000,  0.0000, 24.9515, 53.3007,  0.0000,
        90.7654,  0.0000, 21.3206,  0.0000, 20.4000, 27.0884,  0.0000, 16.6449,
         0.0000,  0.0000,  0.0000, 21.5796, 57.1878, 20.5296, 26.5331, 59.2340,
        26.6574,  0.0000, 24.9595,  0.0000])
tensor([ 0.0000, 53.9299, 16.0086, 16.8638,  0.0000, 20.9260,  0.0000,  0.0000,
        24.9947,  0.0000, 25.0030, 20.8824,  0.0000, 21.6957, 25.6221, 31.9682,
        96.4623, 27.1695,  0.0000, 16.3571, 20.4913,  0.0000, 21.3193, 26.5032,
        20.4901, 20.9520, 20.6926, 59.4980, 27.2204, 27.7461, 52.5359,  0.0000,
        25.0124, 20.3134, 16.2742, 54.2704,  0.0000, 24.9515, 67.7515,  0.0000,
        59.5364,  0.0000, 29.0340, 52.3331, 29.6276, 27.0884, 58.6376, 16.6449,
        27.8048,  0.0000,  0.0000, 21.5796, 67.7058, 29.8562, 27.3489, 68.0846,
        26.6574,  0.0000, 26.8432,  0.0000])
tensor([ 0.0000, 53.9299, 16.0086, 16.8638,  0.0000, 20.9260,  0.0000,  0.0000,
        24.9947,  0.0000, 33.6131, 20.8824,  0.0000, 21.6957, 33.6463, 32.8537,
        96.4623, 33.2902,  0.0000, 20.5952, 20.3026,  0.0000, 20.7841, 26.5032,
        20.4901, 30.8253, 20.6926, 59.4980, 27.2204, 36.3663, 70.9226, 30.5123,
        33.9331, 19.4169, 16.2742, 73.3484, 35.6999, 24.9515, 67.7515,  0.0000,
        59.5364, 35.2875, 30.9183, 71.0329, 31.3164, 32.9411, 81.4347, 20.4369,
        37.2824, 31.3298, 73.0741, 31.2850, 67.7058, 31.1875, 27.3489, 70.2043,
        32.2199,  0.0000, 26.8432, 20.2188])
tensor([ 33.0128,  53.9299,  16.0086,  22.2395,  45.6650,  20.9260,  20.9725,
          0.0000,  44.5350,   0.0000,  33.6131,  20.8824,  28.4475,  29.6265,
         46.0020,  32.8537,  96.4623,  45.7839,   0.0000,  22.2110,  20.3026,
         32.6982,  20.7841,  33.4128,  20.4901,  30.8253,  21.1852,  73.2791,
         27.2204,  36.3663,  70.9226,  28.5088,  45.9082,  21.0164,  16.2742,
        109.6171,  32.6648,  33.0846,  67.7515,  20.5402,  59.5364,  33.4337,
         30.9183,  71.0329,  31.3164,  44.0775,  78.9014,  20.4369,  37.2824,
         31.3298, 106.1783,  30.0696,  67.7058,  29.4615,  27.3489,  70.2043,
         44.6451,  32.8679,  26.8432,  21.6902])
tensor([ 47.4706,  99.8556,  20.7175,  21.4145,  48.5871,  23.2335,  20.9725,
         98.1783,  46.3504,   0.0000,  46.8837,  21.6597,  28.4475,  24.1135,
         46.0020,  25.3358, 100.8001,  48.6051,  23.6615,  22.2110,  20.3026,
         32.6982,  20.7841,  47.9669,  20.9159,  30.8253,  21.1852, 110.3265,
         27.2204,  36.3663,  70.9226,  28.5088,  45.9082,  21.0164,  16.2742,
        109.6171,  32.6648,  33.0846,  67.7515,  20.5402, 102.4169,  33.4337,
         30.9183, 102.0306,  23.9209,  46.6410,  78.9014,  21.2615,  49.4646,
         23.8140, 106.1783,  24.6141,  47.4513,  29.4615,  27.3489,  50.2836,
         44.6451,  46.5575,  46.1909,  21.6902])
tensor([ 37.8124, 102.1186,  24.1161,  21.4145,  48.5871,  37.0982,  23.1148,
         97.5437,  46.3504,  22.9013,  46.8837,  21.6597,  28.4475,  24.1135,
         43.9013,  40.7472, 102.8284,  48.6051,  38.7582,  23.6963,  23.2514,
         36.8253,  24.2645,  47.9669,  20.9159,  38.2605,  21.1852, 110.3265,
         36.7075,  36.3663,  95.5198,  37.8707,  45.9082,  21.0164,  16.2742,
        107.1854,  32.6648,  33.0846,  81.2157,  22.5649,  86.0195,  33.4337,
         30.9183, 102.0306,  23.9209,  46.6410,  78.9014,  23.2152,  49.4646,
         23.8140, 105.6298,  24.6141,  47.4513,  29.4615,  37.4304,  84.2028,
         43.0037,  46.5575,  36.5930,  23.7896])
tensor([ 37.8124, 133.3002,  25.4286,  25.0275,  48.5871,  37.0982,  26.0743,
         97.5437,  52.5764,  26.0054,  53.0494,  21.6597,  28.4475,  24.1135,
         43.9013,  40.7472, 133.3853,  48.6051,  38.7582,  23.6963,  25.6631,
         37.4746,  24.2645,  47.9669,  20.9159,  30.5870,  25.0367, 110.3265,
         38.1177,  37.8823,  95.5198,  31.1226,  53.0410,  24.9487,  25.1274,
        138.3371,  32.6648,  38.1272,  69.6564,  25.6730,  86.0195,  36.7433,
         30.9183, 102.0306,  23.9209,  53.2410,  88.8771,  23.2152,  49.4646,
         31.2533, 138.5553,  24.6141,  47.4513,  31.3239,  37.4304,  72.2439,
         53.9062,  46.5575,  36.5930,  23.7896])
tensor([ 39.6559, 133.3002,  32.5976,  25.0275,  46.1741,  35.0687,  26.0743,
        109.6541,  52.5764,  32.5724,  45.4608,  21.6597,  28.4475,  24.1135,
         45.7008,  39.1998, 118.4716,  46.4340,  38.7582,  23.6963,  25.6631,
         37.4746,  24.2645,  39.4428,  31.4399,  30.5870,  31.5303,  88.6896,
         39.8065,  37.8823,  95.5198,  31.1226,  45.6316,  32.1314,  25.1274,
        138.3371,  32.6648,  39.5311,  69.6564,  32.3772,  90.4679,  36.7433,
         30.9183, 102.0306,  23.9209,  45.6682,  96.4017,  23.2152,  49.4646,
         37.3354, 122.3607,  24.6141,  47.4513,  31.3239,  39.7131,  72.2439,
         45.8268,  38.4901,  38.9298,  32.5550])
tensor([ 39.6559, 137.4087,  32.5976,  17.5685,  46.1741,  35.0687,  16.4470,
        109.6541,  52.5764,  32.5724,  45.4608,  18.1241,  28.4475,  14.6691,
         61.6785,  39.1998, 118.4716,  46.4340,  38.7582,  16.8998,  25.6631,
         37.4746,  24.2645,  39.4428,  16.6842,  30.5870,  17.4384, 174.4564,
         39.8065,  72.3248, 125.5382,  31.1226,  60.5593,  16.6608,  17.1604,
        138.3371,  32.6648,  39.5311,  69.6564,  32.3772, 173.7004,  70.3203,
         14.4321, 102.0306,  23.9209,  58.8550,  96.4017,  23.2152,  74.2443,
         14.3867, 154.5223,  14.7273,  28.5208,  14.5525,  39.7131,  31.2176,
         60.3087,  72.0039,  72.8143,  18.0429])
tensor([ 32.4870, 100.1614,  32.5976,  36.8599,  37.9856,  35.0687,  37.9308,
         90.3252,  52.5764,  37.9210,  45.4608,  18.1241,  43.3385,  44.3870,
         61.6785,  39.1998, 118.4716,  46.4340,  44.3982,  35.7933,  25.6631,
         37.4746,  24.2645,  32.8614,  16.6842,  30.5870,  37.7003, 174.4564,
         33.2356,  32.9767, 125.5382,  44.6486,  60.5593,  38.1296,  17.1604,
        138.3371,  32.6648,  39.5311,  69.6564,  37.8016, 173.7004,  70.3203,
         44.1028,  84.2759,  45.2274,  58.8550,  96.4017,  34.6608,  32.7988,
         48.6378, 102.0103,  45.8311,  98.2550,  14.5525,  33.2655, 113.7677,
         60.3087,  72.0039,  72.8143,  38.2349])
tensor([ 32.4870, 103.5368,  38.1437,  36.8599,  36.6232,  54.3732,  38.8991,
         94.0484,  34.7113,  38.0746,  45.4608,  18.1241,  55.3260,  56.5937,
         36.9114,  39.1998,  95.6415,  46.4340,  44.3982,  35.7933,  25.6631,
         27.6558,  37.1122,  28.2934,  16.6842,  57.4771,  37.7003, 174.4564,
         33.2356,  28.6340,  87.2276,  59.8864,  60.5593,  38.1296,  17.1604,
        138.3371,  26.5993,  39.5311,  69.6564,  37.8016, 173.7004,  26.6723,
         44.1028,  87.9624,  58.5154,  35.7961,  63.8480,  34.6608,  28.2360,
         61.4248, 102.0103,  45.8311, 125.6826,  14.5525,  28.7538, 113.7677,
         60.3087,  72.0039,  72.8143,  38.9187])
tensor([ 32.4870, 103.5368,  38.1437,  36.8599,  82.2909,  24.6159,  17.9898,
         94.0484,  34.7113,  19.3996,  78.8176,  18.2141,  55.3260,  56.5937,
         80.8207,  39.1998, 196.4227,  78.9815,  23.7818,  35.7933,  25.6631,
         27.6558,  17.9806,  49.4706,  16.6842,  23.9953,  17.5790, 109.8550,
         33.2356,  50.6999, 182.5888,  24.0048,  60.5593,  17.1861,  17.1604,
        184.7614,  26.5993,  39.5311,  50.5760,  37.8016, 173.7004,  26.6723,
         44.1028, 187.5956,  24.5269,  35.7961, 117.4644,  18.1978,  28.2360,
         61.4248, 207.1144,  25.2453, 125.6826,  24.5733,  28.7538, 113.7677,
         60.3087,  46.7466,  72.8143,  19.0749])
tensor([ 32.4870, 103.5368,  27.8276,  36.8599,  54.8807,  34.9778,  29.1803,
        126.8846,  49.2314,  30.4970,  78.8176,  27.3742,  55.3260,  56.5937,
         53.7720,  37.2223, 135.8658,  78.9815,  35.6006,  35.7933,  25.6631,
         53.5710,  17.9806,  49.4706,  27.1988,  23.9953,  28.2422, 131.6810,
         54.1341,  50.6999, 182.5888,  24.0048,  60.5593,  28.1850,  26.6464,
        184.7614,  26.5993,  39.5311,  50.5760,  37.8016, 173.7004,  52.2634,
         34.5872, 128.2133,  37.3396,  50.5933, 117.4644,  18.1978,  28.2360,
         37.6022, 207.1144,  36.8004, 125.6826,  24.5733,  55.2220,  82.5347,
         50.0022,  53.9782,  72.8143,  19.0749])
tensor([ 32.4870, 143.0764,  27.8276,  33.6651,  54.8807,  34.9778,  29.1803,
        126.8846,  49.2314,  37.5327,  54.0108,  34.6620,  55.3260,  56.5937,
         53.7720,  42.5205, 154.6884,  54.5850,  35.6006,  35.7933,  25.6631,
         41.8374,  35.0720,  42.8666,  34.6386,  40.1340,  35.8530, 131.6810,
         42.3049,  42.2588, 134.0176,  24.0048,  53.3645,  28.1850,  26.6464,
        184.7614,  38.3937,  39.5311,  91.9948,  37.8016, 173.7004,  41.2252,
         34.5872, 128.2133,  43.5858,  55.3531, 105.0117,  18.1978,  40.9028,
         37.6022, 148.1915,  36.8004, 125.6826,  40.3515,  43.3475,  82.5347,
         50.0022,  42.7381,  72.8143,  36.5620])
tensor([ 68.0728, 157.0297,  27.8276,  33.6651,  54.8807,  26.3009,  25.8425,
        126.8846,  49.2314,  37.5327,  54.0108,  26.3396,  23.6201,  25.6795,
         61.4861,  42.5205, 154.6884,  54.5850,  35.6006,  35.7933,  24.1868,
         41.8374,  35.0720,  42.8666,  25.1887,  26.1905,  27.0701, 131.6810,
         42.3049,  72.2956, 134.0176,  24.0048,  53.3645,  26.0121,  24.6547,
        139.2975,  38.3937,  39.5311,  61.4211,  24.3509, 154.2055,  41.2252,
         25.5098, 128.2133,  43.5858,  55.3531, 178.6152,  24.7803,  72.8688,
         37.6022, 148.1915,  27.3222,  54.6760,  27.2843,  43.3475,  62.5617,
         50.0022,  71.3318,  67.1230,  27.5448])
tensor([ 24.9211, 157.0297,  27.8276,  33.6651,  20.0926,  26.3009,  25.8425,
        126.8846,  19.3483,  37.5327,  54.0108,  40.1412,  58.5974,  61.3767,
         61.4861,  42.5205,  54.8532,  19.3367,  35.6006,  35.7933,  24.1868,
         41.8374,  40.4466,  42.8666,  25.1887,  26.1905,  27.0701,  59.5687,
         42.3049,  26.7685,  47.8182,  57.9430,  18.9802,  40.2419,  24.6547,
         47.4981,  25.1479,  24.6418, 152.9198,  37.7914,  62.3107,  41.2252,
         25.5098,  47.4877,  43.5858,  55.3531, 178.6152,  38.5643,  72.8688,
         64.0371,  49.7643,  66.9052,  54.6760,  63.0533,  26.2712,  62.5617,
         19.0623,  71.3318,  24.5975,  27.5448])
tensor([ 44.5649, 171.9263,  27.8276,  17.1893,  20.0926,  21.4728,  25.8425,
        126.8846,  64.6919,  18.5746,  69.3354,  18.6768,  58.5974,  61.3767,
         61.4861,  42.5205, 175.4359,  65.3300,  20.1010,  35.7933,  24.1868,
         43.5587,  17.5492,  45.8124,  17.3438,  20.4650,  27.0701,  59.5687,
         42.3049,  49.0404,  47.8182,  18.8264,  67.2742,  40.2419,  24.6547,
        156.2671,  25.1479,  46.1870,  44.7399,  17.4127, 104.5639,  41.2252,
         25.5098, 160.3517,  43.5858,  55.3531, 178.6152,  38.5643,  44.6330,
         64.0371,  49.7643,  66.9052,  54.6760,  20.8848,  48.0797,  62.5617,
         19.0623,  44.9346,  24.5975,  18.0724])
tensor([ 44.5649, 171.9263,  27.8276,  17.1893,  60.5465,  24.2933,  25.8425,
        126.8846,  61.1925,  22.6269,  69.3354,  18.6768,  58.5974,  23.9772,
         61.4861,  42.5205, 172.1485,  65.3300,  20.1010,  19.6844,  20.1432,
         62.2329,  17.5492,  45.8124,  21.2316,  23.4773,  27.0701,  59.5687,
         60.3128,  49.0404, 138.1573,  23.2094,  62.0224,  21.0542,  20.3706,
        156.2671,  58.1476,  61.3142,  44.7399,  17.4127, 148.6306,  57.3900,
         25.5098, 158.4871,  23.6543,  58.2027, 145.1548,  21.4648,  44.6330,
         64.0371,  49.7643,  66.9052,  46.2969,  20.8848,  65.3120,  62.5617,
         19.0623,  44.9346,  57.9631,  22.5699])
tensor([ 44.5649, 171.9263,  27.4965,  27.9365,  57.6945,  30.5817,  25.8425,
        125.1211,  61.1925,  22.6269,  55.8114,  18.6768,  58.5974,  30.5900,
         55.7902,  42.5205, 172.1485,  56.1815,  27.8974,  27.5162,  28.0654,
         62.8612,  29.2298,  62.6130,  29.0422,  23.4773,  27.0701,  59.5687,
         61.7281,  63.0349, 138.1573,  29.7257,  57.6701,  30.0324,  20.3706,
        143.2524,  58.1476,  62.4515,  44.7399,  17.4127, 158.0189,  57.3900,
         25.5098, 153.2637,  23.6543,  53.6957, 145.1548,  29.4812,  44.6330,
         64.0371, 139.8601,  66.9052,  46.2969,  30.6289,  65.7546,  62.5617,
         19.0623,  44.9346,  57.9631,  22.5699])
tensor([ 44.5649, 171.9263,  27.4965,  27.9365,  57.6945,  30.5817,  30.8791,
        125.1211,  80.2413,  22.6269,  81.4317,  31.7130,  21.4973,  26.2701,
         80.9509,  24.0192, 172.1485,  82.2916,  27.8974,  27.5162,  31.8106,
         48.3476,  32.7397,  48.4684,  32.8131,  23.9352,  27.0701,  59.5687,
         47.7746,  63.0349, 193.2955,  29.7257,  84.6479,  30.0324,  20.3706,
        208.7030,  43.0621,  48.7660,  44.7399,  31.0119, 128.5370,  57.3900,
         22.8741, 219.4652,  23.6543,  81.3556, 145.1548,  29.4812,  44.6330,
         64.0371, 139.8601,  66.9052,  48.0131,  26.6630,  65.7546,  62.5617,
         19.0623,  44.9346,  46.2960,  33.8320])
tensor([ 44.5649, 150.0525,  27.4965,  27.9365,  57.6615,  48.2583,  32.5360,
        125.1211,  57.2250,  22.6269,  81.4317,  33.3088,  21.4973,  26.2701,
         80.9509,  24.0192, 162.2573,  82.2916,  44.0521,  31.0874,  32.5748,
         48.3476,  35.2222,  54.8696,  34.9379,  48.6878,  27.0701,  59.5687,
         53.7550,  63.0349, 150.8492,  29.7257,  84.6479,  30.0324,  30.1796,
        208.7030,  43.0621,  48.7660, 102.5200,  32.6640, 147.6283,  49.1158,
         44.3279, 170.3533,  45.3300,  58.4511, 145.1548,  29.4812,  50.9531,
         64.0371, 139.8601,  66.9052,  48.0131,  26.6630,  65.7546,  96.8725,
         53.1918,  50.3414,  46.2960,  35.3115])
tensor([ 35.6014, 150.0525,  27.4965,  27.9365,  53.4928,  48.2583,  46.9133,
        125.1211,  57.2250,  45.2635,  81.4317,  33.3088,  46.7445,  52.6373,
         80.9509,  49.9725, 160.7417,  82.2916,  50.1562,  31.0874,  45.6520,
         41.2172,  48.8792,  42.0276,  48.2082,  48.6878,  27.0701,  87.6404,
         53.7550,  63.0349, 148.7388,  50.5582,  84.6479,  30.0324,  42.8816,
        144.7402,  43.0621,  48.7660, 125.2051,  32.6640, 123.4540,  37.2593,
         44.3279, 170.3533,  45.3300,  54.9800,  97.2141,  29.4812,  37.5978,
         49.5586, 138.8797,  66.9052,  48.0131,  53.8061,  65.7546,  96.8725,
         50.8617,  39.3776,  46.2960,  35.3115])
tensor([ 35.6014, 144.3096,  16.4946,  17.6185,  62.0339,  35.4653,  46.9133,
        128.8058,  56.2081,  20.3539,  81.4317,  19.7708,  30.6399,  52.6373,
         57.2179,  33.5090, 165.7572,  56.2942,  50.1562,  31.0874,  19.9120,
         90.2150,  48.8792,  91.2568,  48.2082,  35.2032,  27.0701, 198.7750,
         88.0569,  63.0349, 148.7388,  50.5582,  84.6479,  18.2243,  42.8816,
        144.7402,  43.0621,  48.7660, 125.2051,  18.8102, 123.4540,  84.6794,
         44.3279, 170.3533,  45.3300,  58.4334, 212.0188,  29.4812,  90.4471,
         49.5586, 152.0102,  66.9052,  48.0131,  53.8061,  88.0158,  96.8725,
         54.7520,  39.3776,  46.2960,  21.2180])
tensor([ 35.6014, 144.3096,  24.4740,  17.6185,  62.0339,  20.8475,  26.9943,
        228.2132,  97.1179,  20.3539,  94.4796,  28.2588,  30.6399,  52.6373,
         57.2179,  33.5090, 165.7572,  56.2942,  50.1562,  31.0874,  28.6859,
         90.2150,  48.8792,  91.2568,  28.2367,  19.7609,  25.1805, 198.7750,
         54.6229,  52.4752, 242.2859,  17.5245,  95.7878,  27.4923,  25.6531,
        144.7402,  43.0621,  51.4354,  43.4223,  27.8755, 123.4540,  84.6794,
         17.8117, 170.3533,  45.3300,  58.4334, 212.0188,  29.4812,  53.8364,
         17.6931, 152.0102,  18.5042,  48.0131,  20.4044,  88.0158,  38.5321,
         99.0216,  39.3776,  50.6700,  30.4962])
tensor([ 23.0227,  81.1874,  24.4740,  59.4706,  25.8595,  74.8819,  65.4615,
        228.2132,  26.2346,  64.2288,  94.4796,  64.9094,  30.6399,  52.6373,
         24.5892,  70.1924,  89.7220,  56.2942,  50.1562,  59.0018,  28.6859,
         27.0438,  64.4926,  91.2568,  28.2367,  74.8084,  25.1805,  62.2897,
         54.6229,  25.5327,  83.1732,  17.5245,  95.7878,  66.5384,  61.9123,
        144.7402,  43.0621,  51.4354, 188.4600,  64.7636, 123.4540,  24.2197,
         67.8199, 170.3533,  45.3300,  26.4317, 212.0188,  56.3971,  53.8364,
         17.6931, 152.0102,  68.5645,  48.0131,  20.4044,  88.0158,  38.5321,
         26.2458,  24.2278,  50.6700,  30.4962])
tensor([ 42.3373,  81.1874,  24.4740,  44.6244,  25.8595,  74.8819,  48.9731,
        165.9556,  67.0135,  64.2288,  61.4736,  64.9094,  36.0430,  39.1181,
         24.5892,  40.8018, 197.5095,  56.2942,  50.1562,  59.0018,  28.6859,
         47.6993,  64.4926,  46.4690,  46.5012,  42.7499,  25.1805,  62.2897,
         54.6229,  46.6143,  83.1732,  40.1730,  62.6401,  49.7342,  46.2527,
        144.7402,  43.0621,  51.4354, 188.4600,  48.5301, 123.4540,  24.2197,
         67.8199, 169.4176,  45.3300,  26.4317, 212.0188,  56.3971,  53.8364,
         38.9147, 177.6438,  39.7815,  76.1580,  40.8886,  44.6053,  38.5321,
         67.5777,  45.3688,  43.4266,  30.4962])
tensor([ 42.3373,  81.1874,  24.4740,  44.6244,  25.8595,  74.8819,  24.1009,
        165.9556,  75.6908,  23.2263,  61.4736,  23.5199,  54.7870,  58.7091,
         69.8879,  40.8018, 197.5095,  67.5956,  54.2417,  20.2437,  22.7278,
         53.4785,  23.9946,  46.4690,  25.1045,  64.4891,  20.1513, 115.4869,
         54.6229,  46.6143, 198.7820,  59.8035,  62.6401,  23.9331,  46.2527,
        175.5403,  43.0621,  47.3074, 188.4600,  48.5301, 120.1749,  47.4233,
         67.8199, 169.4176,  45.3300,  26.4317, 212.0188,  56.3971,  48.3701,
         38.9147, 196.3242,  39.7815, 110.0461,  61.5342,  44.6053,  38.5321,
         75.5516,  45.3688,  43.4266,  24.5393])
tensor([ 42.3373, 149.8716,  44.4649,  47.2656,  56.1520,  74.8819,  54.0845,
        165.9556,  58.4209,  52.7777,  61.4736,  23.5199,  33.2680,  37.0567,
         55.6187,  40.8018, 171.1499,  67.5956,  54.2417,  20.2437,  50.8069,
         53.4785,  23.9946,  46.4690,  25.1045,  39.7548,  20.1513, 115.4869,
         54.6229,  46.6143, 161.8313,  59.8035,  62.6401,  23.9331,  49.6956,
        147.4822,  43.0621,  67.0285,  89.9321,  48.5301, 182.6024,  67.6232,
         33.3655, 169.4176,  31.7978,  52.7332, 212.0188,  56.3971,  71.2604,
         38.9147, 163.9443,  35.2916, 110.0461,  61.5342,  68.2212,  72.4883,
         75.5516,  68.4018,  43.4266,  55.0251])
tensor([ 42.3373, 230.1825,  19.8917,  47.2656,  88.7689,  50.1743,  54.0845,
        205.4545,  94.1851,  52.7777,  84.3795,  23.2826,  33.2680,  51.9433,
         55.6187,  40.8018, 171.1499,  85.1565,  45.6647,  20.0170,  24.7134,
         48.7029,  23.9946,  46.4690,  25.1045,  39.7548,  20.1993, 115.4869,
         54.6229,  46.2122, 161.8313,  59.8035,  62.6401,  23.8104,  21.3957,
        147.4822,  37.4047,  67.0285,  89.9321,  48.5301, 126.5479,  47.1079,
         33.3655, 216.6422,  45.7651,  90.7068, 212.0188,  56.3971,  47.2704,
         46.7864, 163.9443,  50.6539,  96.8921,  61.5342,  68.2212,  72.4883,
         75.5516,  68.4018,  43.9800,  26.8828])
tensor([ 42.3373, 230.1825,  19.8917,  47.2656,  65.3613,  49.5159,  54.0845,
        205.4545,  68.0092,  52.7777,  59.3366,  23.2826,  43.8271,  51.9433,
         55.6187,  40.8018, 188.4593,  85.1565,  45.6647,  38.3001,  24.7134,
         71.7404,  40.8700,  46.4690,  42.0270,  51.1430,  20.1993, 154.9792,
         61.8382,  67.4104, 177.6558,  59.8035,  62.6401,  46.2884,  41.6513,
        147.4822,  37.4047,  63.4280, 117.3841,  39.7852, 187.1375,  47.1079,
         43.8824, 173.5635,  45.0830,  90.7068, 146.5723,  34.9256,  47.2704,
         44.9491, 163.9443,  50.6539,  96.8921,  48.9507,  64.9237,  72.4883,
         61.9413,  68.4018,  43.9800,  26.8828])
tensor([ 72.3852, 165.4039,  19.8917,  27.2829,  65.8630,  49.5159,  31.6487,
        205.4545,  67.9765,  52.7777,  59.3366,  23.2826,  44.1237,  48.4415,
         59.2976,  40.8018, 186.9945,  85.1565,  45.6647,  28.7482,  32.3781,
         89.2478,  40.8700,  77.5265,  42.0270,  51.1430,  20.1993, 154.9792,
         79.3408,  67.4104, 173.8830,  59.8035,  62.6401,  46.2884,  31.6742,
        147.4822,  68.0831,  63.4280, 122.1475,  30.1879, 234.1028,  80.1630,
         44.8793, 171.2785,  46.1247,  60.4237, 197.4014,  34.9256,  47.2704,
         46.9089, 163.9443,  50.6539,  96.8921,  48.9507,  64.9237,  94.3967,
         61.9413,  68.4018,  74.5427,  26.8828])
tensor([ 72.3852, 219.3292,  19.8917,  27.2829,  84.7992,  52.3121,  31.6487,
        205.4545,  86.9390,  27.8261,  75.7932,  23.2826,  48.3517,  52.8307,
         80.8815,  46.5975, 237.3891,  75.1623,  44.1657,  26.9738,  32.3781,
         68.7666,  40.8700,  77.5265,  29.0887,  53.7892,  20.1993, 154.9792,
         62.2993,  67.4104, 226.8290,  46.0940,  62.6401,  46.2884,  31.6742,
        147.4822,  53.8717,  60.2444, 137.0975,  30.1879, 176.2748,  80.1630,
         44.8793, 171.2785,  46.1247,  81.7609, 151.8589,  34.9256,  47.2704,
         46.9089, 207.4400,  50.6539,  96.8921,  51.1654,  60.9595,  94.3967,
         61.9413,  68.4018,  74.5427,  30.7410])
tensor([ 56.3027, 238.2410,  19.8917,  18.7033,  84.7992,  54.8939,  31.6487,
        193.9986,  94.1968,  27.8261,  75.7932,  23.2826,  48.3517,  56.0331,
         87.7189,  50.6274, 255.7388,  75.1623,  48.6033,  26.9738,  32.3781,
         68.7666,  40.8700,  77.5265,  23.2412,  56.7243,  17.6095, 147.1442,
         62.2993,  62.5437, 243.7389,  46.0940,  62.6401,  21.3940,  20.7219,
        203.1212,  53.8717,  60.2444, 137.0975,  20.7429, 176.2748,  62.6881,
         48.8630, 225.9561,  46.1247,  81.7609, 163.9092,  17.4203,  47.2704,
         46.9089, 207.4400,  49.7538,  96.8921,  51.1654,  64.2886,  94.3967,
         84.3418,  68.4018,  59.7863,  30.7410])
tensor([ 56.3027, 244.8344,  27.1140,  32.8339,  90.9706,  54.8939,  34.0751,
        193.9986,  94.1982,  34.2517,  75.7932,  23.2826,  48.3517,  35.8993,
         90.1212,  31.9445, 255.7388,  82.1542,  48.6033,  26.9738,  33.9658,
         68.7666,  40.8700,  66.7710,  38.1869,  36.1521,  17.6095, 171.6203,
         62.2993,  71.1139, 251.9483,  30.1806,  78.3931,  38.2415,  36.6286,
        203.1212,  60.1563,  68.7334, 137.0975,  20.7429, 176.2748,  70.6325,
         48.8630, 225.9561,  46.1247,  85.4206, 163.9092,  17.4203,  47.2704,
         46.9089, 207.4400,  32.1932,  96.8921,  32.3877,  71.8241,  58.9245,
         84.3418,  68.4018,  59.7863,  30.7410])
tensor([ 56.3027, 244.8344,  60.1878,  64.5366,  90.9706,  60.5839,  67.2222,
        193.9986,  56.3380,  34.2517,  75.7932,  23.2826,  48.3517,  35.8993,
         90.1212,  31.9445, 255.7388,  46.1391,  52.1238,  60.8867,  33.9658,
         54.1995,  61.9399,  49.2639,  38.1869,  66.9107,  17.6095, 143.2691,
         62.2993,  71.1139, 168.1256,  30.1806,  43.3653,  38.2415,  69.2013,
        132.6700,  43.5447,  68.7334, 148.1207,  65.3162, 176.2748,  51.6336,
         53.2738, 150.2923,  46.1247,  49.4367, 163.9092,  17.4203,  46.7146,
         46.9089, 136.8257,  59.2984, 104.7118,  32.3877,  71.8241, 122.3186,
         84.3418,  45.3106,  59.7863,  30.7410])
tensor([ 49.4345, 214.0239,  23.3059,  26.4951,  80.5556,  60.5839,  67.2222,
        193.9986,  56.3380,  26.6043,  70.6175,  24.1385,  48.3517,  35.8993,
         90.1212,  61.8663, 255.7388,  46.1391,  60.8682,  60.8867,  33.9658,
         61.9828,  26.0514,  49.2639,  38.1869,  66.9107,  22.4600, 150.4757,
         62.2993,  71.1139, 227.7280,  30.1806,  71.3898,  38.2415,  27.6339,
        132.6700,  43.5447,  68.7334, 165.6428,  27.1735, 152.6499,  51.6336,
         60.5423, 213.8387,  46.1247,  79.1833, 163.9092,  17.4203,  46.7146,
         46.9089, 203.4022,  59.2984, 128.5065,  62.9985,  71.8241, 143.4854,
         73.1110,  52.4904,  52.9746,  30.7410])
tensor([ 55.1523, 194.0147,  35.4566,  26.4951,  73.3470,  56.1520,  39.4950,
        155.4777,  56.3380,  26.6043,  70.6175,  36.0152,  48.0475,  35.8993,
         69.1001,  53.1906, 255.7388,  68.5217,  51.1148,  60.8867,  33.9658,
         61.9828,  39.4808,  59.5332,  38.1869,  58.1217,  22.4600, 150.4757,
         62.2993,  71.1139, 227.7280,  30.1806,  66.9258,  38.2415,  27.6339,
        166.8479,  54.7304,  68.7334, 155.2584,  27.1735, 177.1338,  51.6336,
         60.5423, 190.9420,  46.1247,  79.1833, 147.6509,  31.3194,  58.2106,
         46.9089, 189.2332,  59.2984, 115.6391,  62.9985,  71.8241, 143.4854,
         73.1110,  58.4442,  57.2693,  39.7232])
tensor([ 55.1523, 251.5789,  35.4566,  24.7985,  97.4952,  56.1520,  39.4950,
        155.4777,  95.0288,  25.9397,  86.0998,  25.7764,  48.0475,  35.8993,
         69.1001,  53.1906, 243.3789,  68.5217,  51.1148,  60.8867,  33.9658,
         61.9828,  27.6778,  76.7230,  38.1869,  41.0693,  22.4600, 188.4977,
         70.2943,  72.3754, 227.7280,  32.7630,  66.9258,  25.0699,  27.6339,
        166.8479,  69.3487,  68.7334, 104.1228,  27.1735, 177.1338,  51.6336,
         36.6942, 190.9420,  31.7414,  79.1833, 147.6509,  22.0264,  58.2106,
         46.9089, 245.4442,  35.7425,  79.5023,  36.7817,  74.1629,  82.1363,
         73.1110,  73.8033,  74.9956,  27.7143])
tensor([ 55.1523, 114.5231,  41.1404,  24.7985,  97.4952,  56.1520,  39.4950,
        155.4777,  95.0288,  25.9397,  86.0998,  43.5473,  89.7326,  35.8993,
         35.2802,  95.1446, 108.7004,  33.9337,  51.1148,  37.8351,  33.9658,
         61.9828,  49.0106,  76.7230,  38.1869, 107.2859,  35.7966, 120.9763,
         40.6542,  43.0452, 106.7193,  32.7630,  33.0194,  25.0699,  27.6339,
         88.0196,  44.1830,  68.7334, 104.1228,  41.5979, 130.8018,  42.5219,
         36.6942, 190.9420,  31.7414,  79.1833, 147.6509,  22.0264,  43.3406,
         89.2129, 105.2009,  35.7425, 213.7379,  97.6497,  74.1629, 217.6783,
         33.9171,  73.8033,  74.9956,  46.6567])
tensor([ 55.1523, 114.5231,  41.1404,  24.7985,  97.4952,  23.5421,  39.4950,
        240.2801,  95.0288,  25.9397, 100.5136,  43.5473,  89.7326,  35.8993,
         35.2802,  24.2720, 108.7004,  33.9337,  21.0947,  37.8351,  33.9658,
         61.9828,  49.0106,  67.2086,  27.7820, 107.2859,  27.9025, 175.0475,
         66.9866,  68.8753, 106.7193,  32.7630, 105.3769,  28.4360,  29.6489,
        261.6484,  44.1830,  63.2526, 104.1228,  29.9057, 177.6266,  67.5191,
         22.7640, 264.3969,  31.7414, 102.9012, 147.6509,  26.8362,  65.9973,
         89.2129, 285.5281,  35.7425, 213.7379,  24.3414,  68.2164, 217.6783,
        105.0523,  73.8033,  67.2487,  34.6138])
tensor([ 98.7121, 114.5231,  29.1645,  31.4350,  97.4952,  23.5421,  30.2304,
        240.2801,  95.0288,  32.6165,  71.6819,  34.2546,  89.7326,  19.4566,
         70.4533,  24.2720, 207.6528,  33.9337,  21.0947,  28.0641,  28.8106,
         61.9828,  34.6373,  67.2086,  27.7820,  23.8202,  31.4555, 175.0475,
        107.0850, 108.0801, 106.7193,  18.6221, 105.3769,  28.4360,  29.6489,
        191.6301, 101.5765,  63.2526, 104.1228,  29.9057, 267.3579, 108.6954,
         22.4009, 206.1062,  31.7414,  71.5340, 230.5267,  26.8362,  65.9973,
         89.2129, 214.0579,  20.7314, 213.7379,  24.3740,  68.2164, 217.6783,
        105.0523,  73.8033,  67.2487,  39.8381])
tensor([  0.0000, 114.4869,  31.4997,  26.3332,   0.0000,  25.0173,   0.0000,
          0.0000,   0.0000,   0.0000,  25.3698,  30.3655,   0.0000,  56.5273,
          0.0000,   0.0000,  30.4544,  35.8670,   0.0000,  27.2718,   0.0000,
          0.0000,   0.0000,  31.9280,   0.0000,  25.3298,   0.0000,  33.5247,
         35.5946,   0.0000,   0.0000,   0.0000,  26.9866,   0.0000,  84.3863,
          0.0000,   0.0000,  31.7748,  23.6763,   0.0000,  32.0427,   0.0000,
         33.4750,   0.0000,  25.4247,  25.6008,   0.0000,  25.0839,   0.0000,
          0.0000,   0.0000,  26.7982,  34.2654,  52.3763,  26.8012,  55.2315,
        120.5412,   0.0000,  25.8722,   0.0000])
tensor([  0.0000,  74.3915,  31.4997,  26.3332,   0.0000,  25.0173,   0.0000,
          0.0000,  31.4819,   0.0000,  42.8768,  31.1133,   0.0000,  56.5273,
         66.3168,  76.2800,  30.4544,  35.8670,   0.0000,  27.2718,  31.4104,
          0.0000,  32.5279,  31.6439,  32.4578,  25.3298,  31.6391,  31.4720,
         32.9434,  42.1442,  39.7080,   0.0000,  46.8147,  41.3371,  84.3863,
         29.1210,   0.0000,  31.7748,  29.2589,   0.0000,  31.8243,   0.0000,
         32.4542,  30.3223,  29.5350,  25.6008,  46.9795,  25.0839,  31.6541,
          0.0000,   0.0000,  26.7982,  32.0021,  88.3675,  29.6158,  86.8517,
        120.5412,   0.0000,  30.4178,   0.0000])
tensor([  0.0000,  74.3915,  31.4997,  26.3332,   0.0000,  25.0173,   0.0000,
          0.0000,  31.4819,   0.0000,  42.0129,  31.1133,   0.0000,  56.5273,
         93.7442,  81.3838,  30.4544,  36.3500,   0.0000,  21.0046,  49.1527,
          0.0000,  50.0905,  31.6439,  32.4578,  21.7528,  31.6391,  31.4720,
         32.9434,  40.6912,  39.7126,  34.9293,  45.8808,  41.6062,  84.3863,
         20.9381,  33.2104,  31.7748,  29.2589,   0.0000,  31.8243,  33.5961,
         50.9230,  32.9623,  22.2882,  41.6292,  45.3972,  21.8954,  48.3222,
         40.4185,  34.1924,  43.3303,  32.0021,  91.8335,  29.6158,  90.8562,
        108.9822,   0.0000,  30.4178,  39.5484])
tensor([ 22.3660,  74.3915,  31.4997,  73.1500,  28.2942,  25.0173,  29.1645,
          0.0000,  29.9248,   0.0000,  42.0129,  31.1133,  22.3440, 140.1182,
         70.0661,  81.3838,  30.4544,  31.7767,   0.0000,  22.9380,  49.1527,
         29.7942,  50.0905,  29.3321,  32.4578,  21.7528,  29.6774,  29.9110,
         32.9434,  40.6912,  39.7126,  30.3203,  81.0321,  72.2805,  84.3863,
         22.7962,  28.7614,  29.7176,  29.2589,  21.4804,  31.8243,  29.1763,
         50.9230,  32.9623,  22.2882,  70.2224,  79.5323,  21.8954,  48.3222,
         40.4185,  29.6275,  78.1670,  32.0021, 151.8989,  29.6158,  90.8562,
         78.8637,  22.6025,  30.4178,  70.3842])
tensor([ 20.4119,  96.7532,  56.0106,  40.5676,  53.2435,  19.7578,  29.1645,
         54.4940,  40.9393,   0.0000,  39.0805,  55.3913,  22.3440,  89.1242,
         70.0661,  89.5708,  54.5540,  63.0531,  19.3445,  22.9380,  49.1527,
         29.7942,  50.0905,  57.6909,  42.1286,  21.7528,  29.6774,  41.2310,
         32.9434,  40.6912,  39.7126,  30.3203,  81.0321,  72.2805,  84.3863,
         22.7962,  28.7614,  29.7176,  29.2589,  21.4804,  40.5432,  29.1763,
         50.9230,  53.7746,  22.1478,  39.4815,  79.5323,  21.1922,  41.1275,
         37.6760,  29.6275,  42.0475,  40.3432, 151.8989,  29.6158,  87.5266,
         78.8637,  21.0377,  20.8805,  70.3842])
tensor([ 29.5389,  97.2916,  42.0584,  40.5676,  53.2435,  28.8407,  41.1293,
         41.1248,  40.9393,  36.7352,  39.0805,  55.3913,  22.3440,  89.1242,
         90.1152, 111.7757,  40.4301,  63.0531,  28.2849,  29.8577,  37.9967,
         40.7875,  39.9754,  57.6909,  42.1286,  30.1957,  29.6774,  41.2310,
         39.0756,  40.6912,  50.1439,  43.4547,  81.0321,  72.2805,  84.3863,
         29.9048,  28.7614,  29.7176,  29.0405,  28.3243,  39.3965,  29.1763,
         50.9230,  53.7746,  22.1478,  39.4815,  79.5323,  30.1352,  41.1275,
         37.6760,  41.4275,  42.0475,  40.3432, 151.8989,  29.5749, 121.6745,
        100.4360,  21.0377,  30.9240,  51.3191])
tensor([ 29.5389, 154.7640,  49.3822,  21.8227,  53.2435,  28.8407,  48.9722,
         41.1248,  60.8238,  58.6413,  20.5322,  55.3913,  22.3440,  89.1242,
         90.1152, 111.7757,  48.2727,  63.0531,  28.2849,  29.8577,  60.9848,
         48.7284,  39.9754,  57.6909,  42.1286,  42.1736,  58.4990,  41.2310,
         61.4759,  19.9747,  50.1439,  53.0048,  21.8269,  20.5710,  72.3965,
         44.3135,  28.7614,  47.4888,  39.6209,  41.9409,  39.3965,  46.0645,
         50.9230,  53.7746,  22.1478,  21.6760,  22.2989,  30.1352,  41.1275,
         20.9351,  49.3260,  42.0475,  40.3432,  54.3366,  29.5749,  57.5957,
        164.7286,  21.0377,  30.9240,  51.3191])
tensor([ 28.9934, 154.7640,  44.6851,  21.8227,  40.4639,  27.9304,  48.9722,
         41.7509,  60.8238,  40.3323,  62.4866,  55.3913,  22.3440,  89.1242,
         97.4965, 129.5616,  43.6522,  46.4340,  28.2849,  29.8577,  60.9848,
         48.7284,  39.9754,  43.5243,  39.2100,  42.1736,  39.8246,  41.0156,
         43.5243,  19.9747,  50.1439,  53.0048,  69.0890,  62.6943,  72.3965,
         44.3135,  28.7614,  42.3294,  39.6209,  28.7998,  41.1106,  46.0645,
         50.9230,  53.7746,  22.1478,  63.9360,  67.0516,  30.1352,  41.1275,
         61.4151,  44.0920,  42.0475,  40.3432,  54.3366,  29.0438,  57.5957,
        128.4784,  28.8140,  30.5752,  59.6316])
tensor([ 28.9934, 173.4140,  44.6851,  35.6989,  40.4639,  27.9304,  68.2180,
         41.7509,  60.8238,  40.3323,  62.4866,  64.0940,  22.3440,  78.4725,
        161.9283, 129.5616,  43.6522,  46.4340,  28.2849,  20.4191,  60.9848,
         48.7284,  39.9754,  43.5243,  68.6558,  42.1736,  69.2076,  70.0522,
         43.5243,  32.8256,  31.8421,  53.0048,  40.1367,  35.9274,  41.3556,
         44.3135,  28.7614,  42.3294,  39.6209,  28.7998,  71.6557,  64.5319,
         66.2632,  53.7746,  22.1478,  36.8921,  67.0516,  30.1352,  64.3755,
         35.5835,  72.5829,  34.6231,  65.9670,  84.6743,  29.0438,  86.9532,
        194.9146,  20.0248,  21.7822,  33.0183])
tensor([ 27.1859,  99.4142,  44.6851, 102.7548,  18.9587,  27.9304,  19.9533,
         18.3840,  60.8238,  32.2155,  62.4866,  64.0940,  24.7134, 214.7657,
        161.9283, 129.5616,  43.6522,  46.4340,  23.6888,  27.9175,  60.9848,
         48.7284,  39.9754,  19.8955,  68.6558,  42.1736,  33.5349,  70.0522,
         35.6998,  97.1246,  31.8421,  19.9427,  40.1367, 101.5672,  41.3556,
         44.3135,  28.7614,  42.3294,  39.6209,  26.8037,  71.6557,  64.5319,
         31.8786,  18.0393,  25.8164,  36.8921,  67.0516,  26.5656,  31.4855,
        100.9893,  21.7713, 106.9158,  32.2501,  84.6743,  27.3600, 224.5746,
        194.9146,  20.0248,  21.7822,  98.2077])
tensor([ 27.1859, 156.0463,  45.4653, 102.7548,  44.4175,  45.5543,  47.6314,
         46.5719,  51.6065,  54.9730,  62.4866,  64.0940,  44.3640, 123.1964,
        128.4168, 129.5616,  44.5941,  46.4340,  23.6888,  27.9175,  60.9848,
         43.6996,  53.0024,  47.8723,  68.6558,  45.6646,  33.5349,  70.0522,
         35.6998,  45.6462,  41.4689,  49.2476,  40.1367, 101.5672,  41.3556,
         44.3135,  38.9295,  42.3294,  39.6209,  26.8037,  71.6557,  42.1417,
         31.8786,  43.6609,  47.7080,  46.0500,  47.2856,  26.5656,  54.0238,
         47.6573,  21.7713, 106.9158,  55.4361,  84.6743,  50.2706, 224.5746,
        194.9146,  20.0248,  21.7822,  45.5024])
tensor([ 27.1859, 156.0463,  45.4653, 102.7548, 102.9897,  16.5836, 109.5996,
         46.5719,  51.6065,  64.9172,  23.2454,  95.1573,  44.3640, 123.1964,
        167.1801, 129.5616, 105.6119, 106.8942,  14.9715,  27.9175,  60.9848,
         43.6996,  65.0061, 109.0389,  68.6558,  17.0707,  64.8164,  61.7472,
         35.6998,  26.0584,  24.0317, 111.9579,  40.1367,  25.3860,  41.3556,
         14.6692,  38.9295,  42.3294,  15.7017,  26.8037,  71.6557,  42.1417,
         31.8786, 100.2531,  18.6011,  46.0500,  26.2234,  15.5867,  54.0238,
         47.6573, 105.6595,  23.9950,  55.4361,  71.1276,  50.2706, 224.5746,
        194.9146,  16.0651,  21.7822,  25.1058])
tensor([ 27.1859, 156.0463,  53.5162, 102.7548,  55.7070,  50.9678,  59.2570,
         53.6563,  36.4392,  40.7904,  23.2454,  52.8072,  44.3640, 123.1964,
        115.4031, 119.8948,  56.6827, 106.8942,  48.0557,  27.9175,  60.9848,
         52.1409,  65.0061, 109.0389,  36.0992,  17.0707,  39.7988,  38.7997,
         39.8135,  26.0584,  24.0317, 111.9579,  40.1367,  58.2646,  91.3569,
         14.6692,  38.9295,  42.3294,  15.7017,  26.8037,  71.6557,  51.4078,
         37.7447,  54.9351,  52.3892,  55.4379,  26.2234,  15.5867,  54.0238,
         57.7924, 105.6595,  60.1537,  55.4361,  71.1276,  50.7783, 136.2877,
        116.9361,  48.8563,  21.7822,  25.1058])
tensor([ 27.1859, 204.1354,  53.5162,  33.4693,  55.7070,  50.9678,  59.2570,
         53.6563,  36.4392,  93.3412,  32.8058,  56.8053,  44.3640, 123.1964,
        115.4031, 100.2835,  63.7108,  62.0452,  48.0557,  27.9175,  60.9848,
         60.3218,  87.0857,  63.9910,  84.9059,  28.4539,  92.9509,  38.7997,
         90.4498,  35.4886,  33.0493, 111.9579,  35.1895,  58.2646,  91.3569,
         14.6692,  51.5369,  42.3294,  27.1970,  26.8037,  71.6557,  57.3039,
         37.7447,  54.9351,  33.3307,  37.0116,  37.1056,  15.5867,  83.7546,
         57.7924,  64.9285,  60.1537,  55.4361,  97.4292,  31.3629, 136.2877,
        116.9361,  29.8241,  21.7822,  34.8213])
tensor([ 27.5968, 107.9595,  53.5162,  33.4693,  55.7070,  29.5227,  49.7357,
         53.6563,  36.4392,  93.3412,  32.8058,  46.6163,  26.8076, 206.1466,
        107.9881, 100.2835,  63.7108,  62.0452,  48.0557,  27.9175,  29.8042,
         60.3218,  87.0857,  63.9910,  35.1239,  32.2992,  37.8500,  38.7997,
         90.4498,  98.3614,  33.0493, 111.9579,  35.1895,  98.7144,  64.8533,
         28.3524,  51.5369,  42.3294,  31.0655,  27.6009,  31.9078,  57.3039,
         33.2555,  54.9351,  33.3307,  37.0116, 104.0214,  29.2691,  33.5975,
         57.7924,  64.9285, 103.0297,  32.5355, 224.5267,  31.3629, 203.7613,
        116.9361,  32.7218,  29.5009,  98.7848])
tensor([ 84.5282, 107.9595,  53.5162,  33.4693,  23.5014,  29.5227,  49.7357,
         53.6563,  44.3728,  93.3412,  32.8058,  24.0898,  83.8223, 115.9988,
        107.9881, 100.2835,  23.9510,  23.2167,  48.0557,  27.9175,  29.8042,
         60.3218,  43.3790,  63.9910,  35.1239,  32.2992,  37.8500,  45.4095,
         90.4498,  43.8548,  39.8150,  24.1616,  42.1631,  45.6122,  64.8533,
         88.7066,  19.2402,  19.1284,  87.3914,  85.6750,  45.5023,  57.3039,
         33.2555,  23.3358,  33.3307,  37.0116, 104.0214,  87.3131,  33.5975,
         42.0936,  25.3371,  44.2367,  32.5355, 128.4477,  91.4920, 203.7613,
        147.9736,  32.7218,  89.2118,  98.7848])
tensor([ 35.3885, 150.2620,  53.5162,  68.4191,  23.5014,  35.7571,  49.7357,
         53.6563,  52.7936,  55.7654,  67.0476,  60.5255,  83.8223, 115.9988,
        107.9881, 100.2835,  61.0950,  61.7071,  31.9388,  27.9175,  29.8042,
         54.9657,  56.5715,  58.1466,  54.8908,  38.1469,  37.8500,  45.4095,
         90.4498,  76.5274,  39.8150,  61.8537,  75.5282,  45.6122,  64.8533,
         36.7883,  19.2402,  52.4378,  38.7955,  35.8319,  54.9518,  57.3039,
         33.2555,  57.8822,  33.3307,  37.0116, 104.0214,  87.3131,  53.4230,
         42.0936,  25.3371,  44.2367,  32.5355, 198.4759,  40.5370, 203.7613,
        147.9736,  37.5645,  89.2118,  71.7119])
tensor([ 35.3885, 150.2620,  53.5162,  68.4191,  77.0095,  47.0495,  49.7357,
         53.6563,  63.3506,  66.4492,  67.0476,  60.5255,  83.8223, 118.1734,
        107.9881, 100.2835,  85.7678,  61.7071,  31.9388,  40.6041,  54.7308,
         77.1090,  56.5715,  58.1466,  64.9543,  48.4045,  37.8500,  45.4095,
         61.9075,  76.5274,  39.0583,  86.1476,  44.8747,  43.2740,  87.5030,
         36.7883,  71.2543,  75.2076,  38.7955,  35.8319,  66.4454,  70.4306,
         33.2555,  81.1971,  46.4895,  39.2034,  42.8159,  44.4238,  53.4230,
         42.0936,  25.3371,  44.2367,  57.5536, 198.4759,  51.5412, 203.7613,
        147.9736,  37.5645,  45.8967,  42.1137])
tensor([ 35.3885, 150.2620,  56.5849,  52.2893,  64.7666,  61.5714,  49.7357,
         56.6122,  63.3506,  66.4492,  52.4435,  60.5255,  83.8223, 166.7610,
        130.3051, 100.2835,  85.7678,  66.6531,  53.5227,  54.2523,  47.4913,
         64.2969,  54.0262,  64.5831,  56.5555,  48.4045,  37.8500,  45.4095,
         55.4086,  58.4676,  39.0583,  72.3940,  62.9382,  60.4960,  87.5030,
         58.6398,  71.2543,  62.5104,  38.7955,  35.8319,  58.2911,  70.4306,
         33.2555,  67.5621,  46.4895,  55.9315,  42.8159,  59.4747,  53.4230,
         42.0936,  64.7763,  44.2367,  57.5536, 172.8498,  66.9089, 203.7613,
        147.9736,  37.5645,  45.8967,  42.1137])
tensor([ 35.3885, 150.2620,  56.5849,  52.2893,  64.7666,  61.5714,  77.3874,
         56.6122,  61.5631,  66.4492,  67.3280,  79.3384,  22.6687, 203.4061,
        156.1620, 144.4478,  85.7678,  86.5622,  53.5227,  54.2523,  58.8613,
         83.9026,  64.7921,  83.7227,  67.5522,  30.5697,  37.8500,  45.4095,
         67.8171,  58.4676,  65.4519,  72.3940,  79.6834,  60.4960,  87.5030,
         29.1699,  72.3960,  81.4724,  38.7955,  26.9645,  68.1827,  70.4306,
         53.4617,  87.1389,  46.4895,  72.7422,  42.8159,  59.4747,  53.4230,
         42.0936,  64.7763,  44.2367,  57.0326, 208.7907,  66.9089, 203.7613,
        147.9736,  37.5645,  28.7620,  71.6080])
tensor([ 35.3885, 186.8136,  56.5849,  52.2893,  62.9197,  24.9911,  62.8339,
         56.6122,  86.0667,  66.4492,  67.3280,  64.2017,  22.6687, 203.4061,
        156.1620, 144.4478,  63.9251,  86.5622,  20.4386,  22.6030,  82.5169,
         83.9026,  89.0718,  66.1325,  91.6296,  27.7422,  37.8500,  45.4095,
         91.5444,  58.4676,  70.3763,  72.3940,  79.6834,  60.4960,  56.6463,
         29.1699,  72.3960,  81.4724,  23.2192,  24.4724,  92.2487,  55.1466,
         77.4626,  68.5611,  23.5436,  76.5370,  42.8159,  59.4747,  77.2576,
         42.0936,  64.7763,  44.2367,  57.0326, 208.7907,  66.9089, 156.5733,
        189.7087,  22.7543,  28.7620,  74.6845])
tensor([ 63.8111, 186.8136,  56.5849,  52.2893,  64.8165,  24.9911,  63.0947,
         56.6122,  86.0667,  77.2113,  67.3280,  64.2017,  63.4976,  94.4034,
        156.1620,  81.4135,  65.2319,  86.5622,  69.3967,  22.6030,  80.7428,
         64.2414,  85.4484,  68.9188,  86.3404,  27.7422,  37.8500,  71.4139,
         91.5444,  58.4676,  29.4491,  67.4659,  79.6834,  60.4960, 153.1320,
         73.6121,  72.3960,  81.4724,  69.9666,  24.4724,  88.2421,  55.5381,
         77.4626,  68.5611,  23.5436,  31.1995,  27.2238,  59.4747,  76.1206,
         23.9952,  62.5519,  44.2367,  57.0326, 100.5477,  66.9089, 156.5733,
        210.7585,  70.6548,  28.7620,  74.6845])
tensor([ 63.8111, 135.2762,  50.0756,  68.0825,  62.8001,  54.4043,  63.0947,
         49.6030,  54.0953,  52.3033,  67.3280,  59.4679,  50.8845,  94.4034,
        129.7513, 159.3647,  62.3472,  59.2039,  69.3967,  22.6030,  54.3327,
         62.2993,  85.4484,  65.5293,  86.3404,  58.7715,  37.8500,  48.2256,
         58.0577,  58.4676,  29.4491,  67.4659,  79.6834,  73.3454, 153.1320,
         73.6121,  72.3960,  81.4724,  69.9666,  54.5945,  88.2421,  54.9236,
         77.4626,  68.5611,  23.5436,  80.9501,  74.9127,  59.4747,  50.8892,
         23.9952,  60.2720,  44.2367,  57.0326, 100.5477,  55.4237, 156.5733,
        152.0145,  70.6548,  28.7620,  73.8904])
tensor([ 63.8111, 135.2762,  85.8654,  68.0825,  62.8001,  19.6531,  92.8324,
         87.5337, 108.7599,  52.3033,  25.3015,  92.8946,  50.8845,  94.4034,
        129.7513, 159.3647,  62.3472,  59.2039,  69.3967,  22.6030, 109.9374,
         62.2993,  85.4484,  65.5293, 110.8833,  21.0315,  97.6338,  48.2256,
        112.9326,  25.3363,  28.0592,  96.3562,  27.8929,  28.4714,  46.9876,
         73.6121,  72.3960,  88.3040,  17.8520,  19.8481,  88.2421,  54.9236,
         96.8163,  68.5611,  23.5436,  80.9501,  74.9127,  59.4747, 108.0850,
         24.3921,  60.2720,  21.4245,  57.0326,  85.4576,  55.4237,  58.6636,
        274.2380,  70.6548,  17.0091,  28.9783])
tensor([ 36.1755,  93.5063,  85.8654, 103.5074,  34.9656,  43.6976,  32.3772,
         87.5337,  35.0343,  32.1984,  25.3015,  34.6428,  50.8845,  94.4034,
         83.3182, 185.5025,  32.2043,  59.2039,  69.3967,  37.1530, 109.9374,
         33.9853,  32.0378,  65.5293, 110.8833,  47.3700,  97.6338,  31.0569,
        112.9326, 104.7500, 106.2971,  96.3562,  27.8929, 110.7950, 108.4908,
         73.6121,  72.3960,  88.3040,  43.2271,  42.6162,  88.2421,  30.4242,
         30.9276,  68.5611,  23.5436, 109.7636,  74.9127,  36.9073, 108.0850,
         24.3921,  60.2720, 106.1715,  57.0326,  85.4576,  55.4237,  58.6636,
        112.3465,  40.1446,  17.0091,  28.9783])
tensor([ 62.8197,  93.5063,  85.8654,  36.1677,  34.9656,  43.6976,  58.4426,
         52.3880,  76.7374,  32.1984,  36.3568,  34.6428,  61.9393,  98.5041,
         83.3182, 105.8218,  61.1919,  59.2039,  69.3967,  37.1530, 109.9374,
         62.3930,  32.0378,  60.3302,  73.3147,  77.3273,  97.6338,  31.0569,
        112.9326,  38.7684, 106.2971,  60.2805,  39.0926,  42.1928, 167.1019,
         73.6121,  72.3960,  88.3040,  43.2271,  73.6823,  88.2421,  30.4242,
         30.9276,  55.7653,  23.5436, 109.7636,  74.9127,  36.9073, 108.0850,
         36.4660,  58.4243,  36.6523,  60.9674, 111.2369,  67.7545,  58.6636,
        221.4940,  67.3184,  65.9647,  28.9783])
tensor([ 62.8197,  93.5063,  85.8654,  36.1677,  34.9656,  43.6976,  55.8564,
         52.3880,  39.2904,  31.8245,  36.3568,  53.8056,  50.6692, 224.7836,
        102.7003, 105.8218,  61.1919,  49.1954,  48.5144,  50.9324,  33.0488,
         57.1875,  32.6400,  60.3302,  38.1190,  66.3874,  29.0620,  30.6087,
        112.9326,  38.7684,  93.2677,  54.5081,  39.0926, 102.5855, 167.1019,
         52.1853,  72.3960,  44.8647,  43.2271,  73.6823,  33.7155,  47.9376,
         30.9276,  55.7653,  23.5436, 109.7636,  74.9127,  36.9073,  31.6950,
         36.4660,  52.5883,  36.6523,  29.5665, 240.1212,  67.7545,  58.6636,
        133.5029,  67.3184,  65.9647,  93.7666])
tensor([ 62.8197, 265.7598,  62.1714,  33.7328,  70.0615,  43.6976,  76.6246,
         52.3880, 130.6943, 122.2352,  36.3568,  53.8056,  20.2463, 120.4846,
        246.5155, 105.8218,  74.4878,  49.1954,  48.5144,  50.9324, 120.7077,
         57.1875,  32.6400,  60.3302,  38.1190,  30.0477,  29.0620,  30.6087,
        112.9326,  38.7684,  37.7092,  54.5081,  39.0926, 102.5855,  75.9981,
         20.8068,  72.3960,  68.5844,  23.8924,  73.6823, 121.2286,  70.7612,
        111.4382,  55.7653,  19.7997,  37.0323,  74.9127,  36.9073, 119.3652,
         36.4660,  78.1319,  32.5911,  29.5665, 240.1212,  23.2619,  84.8318,
        133.5029,  22.6349,  65.9647,  36.6160])
tensor([ 62.8197, 152.4328,  73.1977,  33.7328,  84.2862,  59.0070,  76.6246,
         71.5334,  68.9314, 122.2352,  47.9559,  82.9455,  20.2463, 176.8247,
        246.5155, 105.8218,  74.4878,  78.8726,  51.9791,  51.4344,  61.0752,
         87.3062,  32.6400,  60.3302,  38.1190,  30.0477,  50.8918,  30.6087,
        112.9326,  50.7701,  37.7092,  54.5081,  39.0926,  59.7140, 164.3952,
         20.8068,  60.7558,  68.5844,  23.8924,  73.6823,  62.3351,  79.9469,
        111.4382,  75.9986,  50.9215,  57.9589,  74.9127,  36.9073,  59.6417,
         48.3073,  78.1319,  53.0801,  51.8164, 240.1212,  23.2619,  84.8318,
        133.5029,  22.6349,  52.1270,  57.7251])
tensor([ 62.8197, 152.4328,  73.1977,  33.7328,  77.4327,  53.2626,  76.6246,
         71.5334,  78.8448, 122.2352,  72.5989,  82.9455,  41.6918, 176.8247,
        246.5155, 105.8218,  75.0754,  78.8726,  51.9791,  47.6080,  61.0752,
         80.8282,  62.0549,  60.3302,  67.5849,  60.4099,  50.8918,  55.7003,
         63.5272,  77.3442,  78.4005,  54.5081,  39.0926,  85.6576, 160.1074,
         20.8068,  60.7558,  66.7730,  48.1067,  46.6308,  72.1001,  79.9469,
         56.7285,  71.3835,  48.2498,  57.9589,  69.9156,  39.0746,  59.6417,
         73.2473,  78.1319,  53.0801,  51.8164, 211.2155,  47.8526,  84.8318,
        191.1591,  22.6349,  52.1270,  57.7251])
tensor([ 72.6656, 171.9205,  73.1977,  51.6711,  54.9981,  53.2626,  49.6353,
         71.5334,  82.1503, 122.2352,  72.5989,  82.9455,  87.9214, 179.1301,
        148.6835, 105.8218,  51.2495,  78.8726,  51.9791,  94.1888,  68.6561,
         57.5440,  62.0549,  45.2568,  67.5849,  60.4099,  50.8918,  55.7003,
         67.6452,  77.3442,  63.7848,  54.5081,  39.0926,  85.6576, 251.6971,
         20.8068,  36.0696,  66.7730,  95.1750,  93.3107,  75.6681,  49.2949,
         61.1865,  51.1201,  94.5741,  60.0566,  55.8188,  39.0746,  59.6417,
         60.5418,  78.1319,  53.0801,  51.8164, 211.2155,  47.8526, 123.8717,
        191.1591,  22.6349,  86.4427,  57.7251])
tensor([ 72.6656, 199.7734,  73.1977,  51.6711,  88.5127,  53.7936,  49.6353,
         71.5334,  93.8231,  70.6809,  76.1617,  82.9455,  49.6569, 229.6291,
        183.9229, 158.7494,  86.4706,  73.9795,  42.3111,  53.4571,  68.6561,
         92.1975,  62.0549,  45.2568,  82.2897,  60.4462,  50.8918,  55.7003,
         83.9230,  77.3442,  86.4153,  74.5441,  39.0926,  85.6576, 251.6971,
         20.8068,  63.7596,  72.7707,  56.5951,  93.3107,  88.7488,  49.2949,
         61.1865,  51.1201,  94.5741,  83.9636,  79.4639,  39.0746,  59.6417,
         60.5418,  77.2620,  53.0801,  51.8164, 217.0549,  50.0903, 123.8717,
        191.1591,  22.6349,  86.4427,  79.1327])
tensor([ 32.9237, 203.0178,  73.1977,  80.2123,  88.5127,  49.7643,  49.6353,
         73.0104,  92.5982,  70.6809,  76.1617,  82.9455,  49.6569, 247.9867,
        192.6582, 187.9444,  93.8822,  73.9795,  38.8875,  53.4571,  68.6561,
         92.1975,  62.0549,  45.2568,  82.9256,  55.9117,  66.0406,  67.3727,
         83.9230,  85.8040,  98.0281,  74.5441,  39.0926,  91.3434, 135.7085,
         35.9139,  63.7596,  72.7707,  56.5951,  45.2671,  88.7488,  82.7673,
         72.2953,  86.2228,  94.5741,  83.9636,  90.4485,  34.2636,  59.6417,
         60.5418,  77.2620,  80.8972,  51.8164, 217.0549,  47.7849, 123.8717,
        211.9044,  22.6349,  40.3900,  79.1327])
tensor([ 32.9237, 234.0448,  37.2588,  63.6234,  54.6827,  49.7643,  47.2530,
         73.0104, 100.1499,  79.2373,  76.1617,  82.9455,  49.6569, 201.2766,
        205.9520, 153.1044,  93.8822,  44.3637,  38.8875,  53.4571,  82.8437,
         92.1975,  62.0549,  43.9590,  91.6265,  97.7244,  66.0406,  80.3594,
         83.9230,  66.8532,  76.2752,  47.2112,  57.9663,  72.7377, 222.2940,
         35.9139,  39.6278,  45.7932,  56.5951,  45.2671,  88.7488,  50.4891,
         72.2953,  86.2228,  94.5741,  70.6388,  90.4485,  34.2636,  59.6417,
         60.5418,  77.2620,  62.6984,  51.8164, 182.4617,  90.0611, 128.6577,
        211.9044,  22.6349,  40.3900,  79.1327])
tensor([ 32.9237, 234.0448,  60.2675, 116.2681,  54.6827,  28.7628,  72.7124,
         73.0104,  71.6236,  79.2373,  76.1617,  82.9455,  49.6569, 201.2766,
        205.9520, 153.1044,  93.8822,  70.7217,  23.1215,  26.5863,  82.8437,
         78.2034,  52.7446,  66.4119,  91.6265,  34.7952,  66.0406,  58.7767,
         83.9230,  66.8532, 126.7907,  47.2112, 114.7081,  72.7377, 105.4234,
         22.6255,  61.0973,  45.7932,  28.6923,  27.6628,  88.7488,  73.3679,
         55.5406,  70.6150,  94.5741, 121.9507,  90.4485,  34.2636,  52.9611,
         60.5418,  67.7284, 118.3980,  48.1534, 182.4617,  90.0611, 226.8819,
        211.9044,  20.8010,  40.3900,  79.1327])
tensor([ 60.9371, 152.3072, 105.3686,  46.9418, 116.7680,  28.7628,  72.7124,
         73.0104,  71.6236,  54.5486,  40.5874, 102.2489,  49.6569, 201.2766,
        205.9520, 136.7565,  93.8822,  70.7217,  71.6914,  26.5863,  82.8437,
        118.0801,  58.4204,  66.4119,  91.6265,  34.7952,  50.9152,  59.8148,
         83.9230,  66.8532,  55.8555,  47.2112,  43.2914,  72.7377, 218.5302,
         22.6255,  61.0973,  45.7932,  76.9513,  78.3877,  59.5165,  73.3679,
         60.2070, 111.2462,  94.5741,  53.6510,  90.4485,  34.2636,  52.9611,
         60.5418, 110.7858, 118.3980,  50.2449, 153.4113,  90.0611, 109.8022,
        159.1799,  65.2256,  65.8680,  79.1327])
tensor([ 42.6016, 240.9004,  46.0068,  46.9418,  53.8122,  53.6967,  49.7731,
         40.7612,  71.6236,  54.5486,  40.5874,  43.7571,  43.6853, 201.2766,
        198.3591, 174.6520,  93.8822,  48.0172,  50.6963,  26.5863,  82.8437,
        118.0801,  94.8674,  48.1467,  91.6265,  60.7965,  50.9152,  59.8148,
         83.9230,  66.8532,  55.8555,  47.2112,  80.9570,  72.7377, 218.5302,
         44.7078,  43.1933,  45.7932,  56.4820,  78.3877,  99.1838,  73.3679,
         60.2070,  53.1029,  94.5741,  53.6510,  77.7671,  40.1702,  88.3702,
         60.5418,  50.1873, 118.3980,  88.4162, 153.4113,  90.0611, 109.8022,
        159.1799,  47.0410,  47.8589,  72.6416])
tensor([ 42.6016, 207.0905,  46.0068,  39.6581,  98.1473,  53.6967,  49.7731,
         40.7612,  81.8793,  73.5906,  36.0873,  87.9596,  43.6853, 201.2766,
        198.3591, 174.6520,  88.4158,  48.0172,  50.6963,  26.5863,  82.8437,
        118.0801,  81.5052,  94.5171,  91.6265,  97.4437,  50.9152,  75.8194,
         69.2610,  36.3056,  55.8555,  87.2185,  80.9570,  40.3366, 218.5302,
         44.7078,  85.7690,  45.7932,  90.4535,  78.3877,  99.1838,  73.3679,
         77.0112,  53.1029,  72.9728,  53.6510,  77.7671,  72.3453,  88.3702,
         60.5418,  96.7745,  35.3576,  75.1489, 120.5315,  83.3712,  85.7865,
        159.1799,  81.0535,  84.0988,  37.1501])
tensor([ 42.6016, 213.9639,  62.0316,  39.6581,  98.1473,  53.6967,  49.7731,
         40.7612,  81.8793,  73.5906,  36.0873,  65.0992,  48.5434, 201.2766,
        180.3415, 203.2995,  63.8475,  64.1389,  50.6963,  50.5756,  82.8437,
        118.0801,  83.7787,  94.5171,  91.6265,  70.9992,  69.9690,  82.3650,
         77.3258,  94.4708, 100.3327,  87.2185,  95.4328,  40.3366, 218.5302,
         51.1047,  62.0354,  45.7932,  90.4535,  54.8747,  81.6941,  62.7203,
         77.0112,  53.1029,  72.9728,  53.6510,  77.7671,  72.3453,  73.5690,
         82.4526,  71.0869,  35.3576,  78.4382, 256.3154,  83.3712, 203.6620,
        216.6025,  81.0535,  84.0988,  96.1937])
tensor([ 42.6016, 213.9639,  62.0316,  39.6581,  98.1473,  33.6030,  49.7731,
         71.6168,  81.8793,  73.5906,  63.4515,  65.0992,  48.5434, 201.2766,
        180.3415, 177.3119,  63.8475,  64.1389,  30.5213,  50.5756,  82.8437,
        118.0801,  83.7787,  81.8549, 115.4942,  70.9992, 113.8429, 124.0250,
        119.8954,  69.0157, 100.3327,  87.2185,  69.2239,  68.7726, 102.0257,
         31.1338,  62.0354,  70.7233,  90.4535,  35.7221, 123.0927,  80.7080,
        117.5914,  80.2542,  72.9728,  69.3754,  77.7671,  27.0672, 117.9335,
         82.4526,  88.9240,  35.3576,  78.4382, 207.5923,  34.4726, 203.6620,
        295.6405,  81.0535,  32.8693,  70.9247])
tensor([ 71.4232, 213.9639,  51.0099, 104.6501,  98.1473,  33.6030,  51.8784,
         71.6168,  81.8793,  47.9065, 101.5787,  53.6932,  48.5434, 243.4078,
        144.4402, 177.3119,  53.6258,  64.1389,  30.5213,  80.1806,  44.6038,
        118.0801,  55.0753,  81.8549, 115.4942,  99.0716,  49.9834, 124.0250,
         55.2179, 109.2344, 100.3327,  48.5638,  69.2239,  68.7726, 102.0257,
         87.8704,  51.5336,  70.7233,  90.4535,  35.7221,  57.6968,  57.7723,
         54.2163,  57.1297,  72.9728, 108.5545,  96.7931,  27.0672, 117.9335,
         82.4526,  61.3874, 100.5578,  78.4382, 276.8806,  34.4726, 203.6620,
        295.6405,  81.0535,  32.8693, 110.8187])
tensor([  0.0000,  15.2482,  28.9018,  31.7706,   0.0000,  48.9979,   0.0000,
          0.0000,   0.0000,   0.0000,  14.6242,  15.8389,   0.0000,  15.1402,
          0.0000,   0.0000, 142.4135,  15.9246,   0.0000,  45.7559,   0.0000,
          0.0000,   0.0000,  55.1210,   0.0000,  42.6280,   0.0000, 143.5666,
         33.3629,   0.0000,   0.0000,   0.0000,  15.0783,   0.0000,  57.7943,
          0.0000,   0.0000,  49.5947,  65.2781,   0.0000,  33.4904,   0.0000,
         58.2241,   0.0000,  31.5893,  49.2295,   0.0000,  48.6733,   0.0000,
          0.0000,   0.0000,  31.5388, 118.4577, 121.0849,  43.5079,  16.8719,
         33.6547,   0.0000,  45.6732,   0.0000])
tensor([  0.0000,  38.8062,  28.9018,  31.7706,   0.0000,  48.9979,   0.0000,
          0.0000,  37.3474,   0.0000,  40.8262,  39.9857,   0.0000,  15.1402,
         29.5528,  32.1651, 142.4135,  15.9246,   0.0000,  45.7559,  32.1940,
          0.0000,  40.1501,  35.4842,  33.1057,  42.6280,  34.3336,  72.7074,
         41.7454, 102.6533,  95.1992,   0.0000,  39.2495,  34.8466,  57.7943,
         44.0576,   0.0000,  49.5947,  91.8877,   0.0000,  45.9922,   0.0000,
         34.2452,  40.7198,  42.4325,  49.2295,  31.5447,  48.6733,  39.1180,
          0.0000,   0.0000,  31.5388,  83.2264, 114.3706,  31.9109,  40.4112,
         33.6547,   0.0000,  33.3359,   0.0000])
tensor([  0.0000,  38.8062,  28.9018,  31.7706,   0.0000,  48.9979,   0.0000,
          0.0000,  37.3474,   0.0000,  34.9021,  39.9857,   0.0000,  15.1402,
         27.9659,  40.3490, 142.4135,  33.4109,   0.0000,  39.7951,  29.6682,
          0.0000,  33.8952,  35.4842,  33.1057,  70.9854,  34.3336,  72.7074,
         41.7454, 126.8992, 113.1558,  29.1652,  34.7621,  43.0555,  57.7943,
         51.5751,  33.4914,  49.5947,  91.8877,   0.0000,  45.9922,  28.1790,
         32.9459,  48.2554,  51.3393,  29.1767,  29.5306,  29.4505,  33.4919,
         54.3585,  66.3623,  48.5829,  83.2264, 137.9377,  31.9109,  35.5942,
         52.3938,   0.0000,  33.3359,  47.7280])
tensor([ 31.8162,  38.8062,  28.9018,  54.0778,  69.7469,  48.9979,  35.2972,
          0.0000,  32.3338,   0.0000,  34.9021,  39.9857,  29.0549,  40.0668,
         36.8202,  40.3490, 142.4135,  39.1520,   0.0000,  28.2669,  29.6682,
         28.8522,  33.8952,  31.8774,  33.1057,  70.9854,  30.0841,  67.9250,
         41.7454, 126.8992, 113.1558,  37.6815,  41.5651,  31.2779,  57.7943,
         59.5821,  39.7487,  35.9655,  91.8877,  54.6930,  45.9922,  36.5770,
         32.9459,  48.2554,  51.3393,  37.5777,  38.7534,  29.4505,  33.4919,
         54.3585,  79.1331,  55.6938,  83.2264, 153.9644,  31.9109,  35.5942,
         59.6788,  39.3519,  33.3359,  54.9332])
tensor([ 63.4789,  17.1195,  20.5518,  23.5108, 153.4299,  75.5152,  35.2972,
         17.0553,  68.7231,   0.0000,  18.6581,  18.0275,  29.0549,  17.6383,
         36.8202,  60.1891, 146.7731,  19.0301,  57.2299,  28.2669,  29.6682,
         28.8522,  33.8952,  66.2270,  85.3890,  70.9854,  30.0841, 143.6275,
         41.7454, 126.8992, 113.1558,  37.6815,  41.5651,  31.2779,  57.7943,
         59.5821,  39.7487,  35.9655,  91.8877,  54.6930,  23.3989,  36.5770,
         32.9459,  22.4974,  22.8412,  80.1480,  38.7534,  80.1282,  18.2380,
         23.7168,  79.1331,  23.2749, 105.4455, 153.9644,  31.9109,  19.3204,
         59.6788,  18.4291,  59.9307,  54.9332])
tensor([ 67.0212,  33.5963,  30.8385,  23.5108, 153.4299,  50.9215,  48.5328,
         31.6390,  68.7231,  31.2283,  18.6581,  18.0275,  29.0549,  17.6383,
         49.4378,  61.9092, 118.9053,  19.0301,  58.3869,  60.7260,  51.8146,
         58.3024,  33.1292,  66.2270,  85.3890,  70.4843,  30.0841, 143.6275,
         31.8016, 126.8992,  94.8589,  51.7824,  41.5651,  31.2779,  57.7943,
         32.6820,  39.7487,  35.9655,  74.6464,  31.0954,  34.0778,  36.5770,
         32.9459,  22.4974,  22.8412,  80.1480,  38.7534,  52.6324,  18.2380,
         23.7168, 127.1702,  23.2749, 105.4455, 153.9644,  57.5693,  35.7001,
         34.2919,  18.4291,  60.8323,  31.4687])
tensor([ 67.0212,  44.9161,  42.5578,  42.8921, 153.4299,  50.9215,  50.5070,
         31.6390,  51.8946,  40.4704,  44.5269,  18.0275,  29.0549,  17.6383,
         49.4378,  61.9092, 123.4287,  19.0301,  58.3869,  60.7260,  54.2854,
         43.8708,  33.1292,  66.2270,  85.3890,  96.0845,  45.9377, 143.6275,
         43.7496, 107.2325,  94.8589,  53.0025,  44.1958,  48.8391,  48.6374,
         46.3502,  39.7487,  50.0089, 100.0320,  42.2462,  34.0778,  50.2470,
         32.9459,  22.4974,  22.8412,  53.3850,  52.7886,  52.6324,  18.2380,
         46.7106, 133.1080,  23.2749, 105.4455, 120.9968,  57.5693,  47.2940,
         47.2991,  18.4291,  60.8323,  31.4687])
tensor([ 40.0674,  44.9161,  63.1246,  42.8921, 105.3854,  51.4430,  50.5070,
         36.7282,  51.8946,  36.9829,  41.0376,  18.0275,  29.0549,  17.6383,
         50.9387,  35.2205, 121.0968,  38.7668,  58.3869,  60.7260,  54.2854,
         43.8708,  33.1292,  40.3816,  55.8536,  96.0845,  37.9498,  95.2319,
         65.2012, 107.2325,  94.8589,  53.0025,  41.9590,  39.4045,  48.6374,
         46.3502,  39.7487,  51.5101, 100.0320,  62.0084,  65.5060,  50.2470,
         32.9459,  22.4974,  22.8412,  54.5072,  54.1927,  52.6324,  18.2380,
         70.2971, 130.6393,  23.2749, 105.4455, 120.9968,  32.7508,  47.2940,
         69.2052,  37.9034,  35.0742,  60.3553])
tensor([ 40.0674,  19.0557,  63.1246,  22.1046, 105.3854,  51.4430,  87.6746,
         36.7282,  51.8946,  36.9829,  41.0376,  17.8060,  29.0549,  17.7497,
         89.0446,  35.2205, 121.0968,  38.7668,  58.3869,  71.0030,  54.2854,
         43.8708,  33.1292,  40.3816, 101.1294,  96.0845,  82.0176, 197.0841,
         65.2012,  62.1965,  89.8439,  53.0025,  20.6384,  85.6227,  82.3327,
         46.3502,  39.7487,  51.5101, 100.0320,  62.0084,  24.2072,  88.1215,
         99.7144,  22.4974,  22.8412,  96.7806,  54.1927,  52.6324,  18.3518,
         24.0154, 226.5333,  19.8560, 126.7493,  71.5328,  32.7508,  21.9023,
         24.9926,  20.0422,  77.5605,  21.2214])
tensor([ 51.5198,  33.4601,  63.1246,  86.5417,  72.1208,  51.4430,  29.4935,
         30.7201,  51.8946,  29.2558,  41.0376,  17.8060,  37.8237,  32.2870,
         89.0446,  35.2205, 121.0968,  38.7668,  38.8959,  43.6140,  54.2854,
         43.8708,  33.1292,  52.3110, 101.1294,  96.0845,  49.6877, 197.0841,
         89.5867, 222.4061,  89.8439,  29.0925,  20.6384,  55.9241,  82.3327,
         46.3502,  39.7487,  51.5101, 100.0320,  85.2773,  24.2072,  88.1215,
         33.9115,  77.5950,  84.1424,  96.7806,  54.1927,  29.0334,  31.0885,
         99.6923, 106.8088,  85.3176, 137.3847,  71.5328,  43.3233,  36.8045,
         24.9926,  20.0422,  77.5605,  88.0430])
tensor([ 51.5198,  37.9268,  43.7943,  86.5417, 129.8556,  51.8566,  55.3703,
         33.4867,  79.8306,  33.7735,  41.0376,  17.8060,  65.8544,  36.4943,
         51.3187,  35.2205, 138.7087,  38.7668,  38.8959,  43.6140,  54.2854,
         64.3532,  30.9892,  84.7045, 101.1294,  73.6926,  49.6877, 197.0841,
         89.5867, 154.7002, 139.3028,  54.5274,  20.6384,  55.9241,  82.3327,
         46.3502,  29.9602,  51.5101, 100.0320,  85.2773,  24.2072,  52.0815,
         33.9115,  42.9907,  45.0767,  57.8221,  54.2530,  29.0334,  36.1744,
         54.6470, 106.8088,  85.3176, 161.8995,  71.5328,  70.9904,  36.8045,
         24.9926,  20.0422,  77.5605,  48.1085])
tensor([ 51.5198,  37.9268,  43.7943,  86.5417, 180.4710,  73.4197,  78.2269,
         33.4867,  79.8306,  49.7310,  47.7404,  46.0162,  65.8544,  36.4943,
         74.6421,  35.2205, 169.9868,  46.7151,  40.8628,  43.6140,  54.2854,
         64.3532,  46.2849,  54.3510, 101.1294, 114.3001,  50.1798, 128.6536,
         89.5867, 139.9241, 124.9515,  77.7999,  20.6384,  52.2259,  82.3327,
         37.9281,  29.9602,  51.5101, 109.1794,  85.2773,  24.2072,  52.0815,
         33.9115,  37.8089,  40.1333,  57.8221,  77.5831,  73.2751,  36.1744,
         54.6470, 184.8947,  38.9214, 161.8995, 131.8889,  70.9904,  36.8045,
         24.9926,  47.1003,  77.5605,  41.3295])
tensor([ 51.5198,  37.9268,  56.7909,  86.5417, 158.3290,  60.6527,  64.1750,
         44.1730,  49.5465,  47.0974,  47.7404,  45.7697,  65.8544,  36.4943,
         61.4115,  40.5608, 154.9750,  46.7151,  41.5481,  43.6140,  54.2854,
         39.9878,  46.2849,  54.3510,  62.2658, 114.3001,  50.1324, 130.6612,
         61.5490, 139.9241, 124.9515,  77.7999,  20.6384,  53.0492,  47.1504,
         37.9281,  29.9602,  51.5101, 109.1794,  85.2773,  24.2072,  56.5483,
         65.0180,  57.5949,  61.5469,  61.2528,  77.5831,  73.2751,  36.1744,
         69.9486, 184.8947,  60.7039, 161.8995, 131.8889,  43.6732,  49.2449,
         63.9739,  45.1847,  77.5605,  41.3295])
tensor([ 51.5198,  20.0278,  56.7909,  27.1445, 158.3290,  60.6527,  64.1750,
         44.1730,  49.5465,  21.9309,  18.9626,  21.3448,  65.8544,  36.4943,
         61.4115,  90.3966, 225.2659,  19.3404,  41.5481,  43.6140,  54.2854,
         87.3077,  18.4419, 103.7667,  92.5912,  56.1814, 101.9494, 130.6612,
         29.4263,  94.2188, 115.9611,  77.7999,  18.8747,  53.0492,  47.1504,
         37.9281,  15.7836,  51.5101,  57.8111,  85.2773,  24.2072,  85.3697,
         65.0180,  57.5949,  29.5898,  91.4202,  86.5325,  73.2751,  20.2226,
         69.9486, 222.6154,  60.7039, 161.8995,  91.3949,  91.9112,  49.2449,
         63.9739,  22.2020,  77.5605,  29.2481])
tensor([ 25.1392,  96.4990,  56.7909,  27.1445, 158.3290,  27.7678,  28.4758,
         44.1730,  49.5465,  21.9309,  18.9626,  93.7198,  20.7955,  88.5188,
         27.2647,  90.3966, 225.2659,  19.3404,  41.5481,  43.6140,  22.0408,
         87.3077,  18.4419, 103.7667,  28.4709, 202.4680,  28.8907, 130.6612,
         29.4263, 191.1584, 115.9611,  77.7999,  18.8747,  28.0103,  24.8417,
         58.3473,  15.7836,  51.5101, 193.0700,  52.7657,  56.4757,  85.3697,
         27.7109,  57.5949,  29.5898,  91.4202,  27.3259,  24.4492,  90.8009,
         69.9486, 222.6154,  59.7126,  99.6056, 187.4169,  91.9112,  93.2208,
         63.9739,  93.0321,  20.7172,  59.5797])
tensor([ 54.3141,  96.4990,  56.7909,  27.1445, 109.6358,  27.7678,  28.4758,
         44.1730,  52.3673,  21.9309,  18.9626,  48.8086,  44.5329,  45.1963,
         27.2647,  90.3966, 123.6532,  42.0193,  41.5481,  43.6140,  22.0408,
         87.3077,  41.3124, 103.7667,  28.4709, 202.4680,  28.8907, 113.5983,
         29.4263, 238.9063, 188.0831,  45.7486,  43.6181,  59.3762,  24.8417,
         77.3885,  39.0382,  40.8060, 141.8490,  72.0685,  77.7055,  85.3697,
         27.7109,  70.7809,  29.5898,  91.4202,  27.3259,  48.3474,  90.8009,
         83.3344, 122.2839,  79.4420,  99.6056, 236.4827,  48.7268,  93.2208,
         77.2615,  93.0321,  45.9060,  59.5797])
tensor([ 74.6920,  38.2898,  56.7909,  57.9844, 109.6358,  64.9871,  28.4758,
         44.1730,  74.1819,  36.0124,  34.1903,  41.4636,  44.5329,  45.1963,
         27.2647,  90.3966, 181.0144,  35.5070,  58.2848,  43.6140,  22.0408,
         59.8556,  36.0733,  72.5922,  72.1062,  98.6932,  28.8907, 113.5983,
         29.4263, 201.0579, 188.0831,  65.3233,  37.8716,  59.3762,  24.8417,
         63.3648,  39.0382,  58.6465, 122.0064,  59.8163,  64.6895,  85.3697,
         27.7109,  58.4826,  29.5898,  91.4202,  27.3259,  48.3474,  37.3396,
         83.3344, 122.2839,  79.4420,  99.6056, 193.5631,  68.0007,  93.2208,
         77.2615,  37.8187,  45.9060,  63.6924])
tensor([ 74.6920,  38.2898,  56.7909,  57.9844, 114.2708,  44.9952,  28.4758,
         44.1730,  44.8450,  92.1535,  34.1903,  41.4636,  44.5329,  89.9133,
         27.2647,  90.3966, 135.0860,  35.5070,  58.2848,  31.7587,  35.3301,
         36.7369,  36.0733,  72.5922,  48.1692, 215.4465,  28.8907, 113.5983,
         49.3533, 201.0579, 150.6975,  42.7682,  93.7646,  48.1578,  41.2360,
         63.3648,  83.2883,  39.3208, 122.0064,  59.8163,  54.8520,  37.9654,
         27.7109,  52.1012,  49.5019,  41.0220,  41.4160,  41.8708,  37.3396,
         83.3344, 122.2839,  79.4420, 120.2569, 193.5631,  43.0072,  93.2208,
         77.2615,  37.8187,  38.3270,  53.7578])
tensor([ 74.6920,  38.2898,  30.0002,  35.2765, 251.4790, 111.0359,  28.4758,
         17.7075,  44.8450,  92.1535,  21.1673,  41.4636,  44.5329,  22.2702,
        100.4971,  90.3966, 135.0860,  22.4039,  66.1694,  64.8170, 102.2664,
         74.0358,  21.6664,  79.2917, 121.2498, 215.4465,  28.8907, 113.5983,
         37.1526, 138.5104, 150.6975, 113.2416,  24.7049,  85.4552,  41.2360,
         34.8433,  83.2883, 104.2017, 122.0064,  59.8163,  41.9238,  37.9654,
         27.7109,  37.3922,  49.5019, 108.7965,  41.4160, 109.8062,  37.3396,
         83.3344, 239.5839,  79.4420, 120.2569, 133.2276,  78.5260,  93.2208,
         77.2615,  37.8187,  38.3270,  53.7578])
tensor([ 74.6920,  38.2898,  30.0002,  35.2765, 251.4790, 111.0359,  78.8369,
         17.7075,  70.4011,  92.1535,  26.8528,  28.1588,  54.2268,  28.5129,
         82.1071,  55.0879, 135.0860,  27.5407,  66.1694,  64.8170,  81.3284,
         64.8444,  27.0419,  72.6167,  99.4905,  79.9110,  28.8907, 113.5983,
         77.7551, 138.5104, 191.3459, 113.2416,  30.8555,  85.4552,  41.2360,
         75.7593,  21.6214,  85.7920, 122.0064,  66.3683,  81.3633,  37.9654,
         84.8139,  75.9042,  49.5019,  89.5596,  41.4160, 109.8062,  37.3396,
         83.3344, 239.5839,  79.4420, 161.1619, 219.0660,  78.5260,  93.2208,
         77.2615,  37.8187,  61.1599,  74.5069])
tensor([ 74.6920,  48.4842,  30.0002,  35.2765, 140.0409,  57.5233,  53.4341,
         17.7075,  90.1738,  92.1535,  26.8528,  55.4109,  54.2268,  28.5129,
         82.1071,  55.0879, 152.4201,  27.5407,  72.1082,  71.9412,  54.5720,
         64.8444,  54.0750,  89.4005,  65.6800, 143.1474,  28.8907, 113.5983,
         67.7544, 138.5104, 190.4590, 113.2416,  30.8555,  85.4552,  80.9610,
         75.7593,  21.6214,  85.7920, 134.8841,  60.9259,  73.8641,  49.5073,
         57.5101,  69.1625,  59.3337,  60.8128,  41.4160, 109.8062,  46.6836,
         83.3344, 239.5839,  79.4420, 161.1619, 219.0660,  78.5260,  46.3454,
         59.8874,  46.4718,  61.1599,  67.4115])
tensor([ 47.5170,  48.4842,  30.0002,  35.2765, 222.0644,  57.5233,  88.6238,
         17.7075,  90.1738,  60.3425,  26.8528,  55.4109,  42.0837,  68.0592,
         82.1071,  42.6486, 205.0231,  27.5407,  45.3559,  71.9412,  90.0503,
         48.3012,  68.9875,  56.2802, 100.5884, 143.1474,  28.8907, 125.5675,
         67.7544, 138.5104, 156.1895,  85.8108,  30.8555,  85.4552,  50.4505,
         50.1347,  21.6214,  85.7920, 163.4642,  60.9259,  58.1481,  83.7107,
         57.5101,  69.1625,  59.3337,  93.3018,  83.0104, 109.8062,  61.6981,
         46.8397, 190.9101,  79.4420, 161.1619, 163.2852,  78.5260,  46.3454,
         46.3329,  63.5576,  61.1599,  67.4115])
tensor([ 47.5170,  35.7174,  36.5044,  42.7439, 229.5336,  89.1752,  88.6238,
         28.2701,  95.3933,  36.1863,  26.8528,  39.9657,  77.9164,  68.0592,
         80.5730,  80.5470, 231.2836,  37.3562,  45.3559,  71.9412,  90.6825,
         86.2506,  68.9875,  98.3238, 100.5884, 114.3115,  28.8907, 201.0866,
         50.1884, 138.5104, 156.1895,  85.8108,  30.8555,  92.0485,  50.4505,
         50.1347,  21.6214,  85.7920, 163.4642,  44.3624,  58.1481,  87.3539,
         57.5101,  69.1625,  59.3337,  96.5958,  86.7350, 109.8062,  38.4006,
         46.8397, 218.3678,  79.4420, 161.1619, 163.2852,  82.3641,  46.3454,
         46.4640,  63.5576,  61.1599,  49.0821])
tensor([ 47.5170,  35.7174,  33.6856,  42.7439, 229.5336,  93.1701,  89.0720,
         43.6189,  89.6010,  36.1863,  47.0168,  55.0703,  77.9164,  68.0592,
         80.5730,  80.5470, 231.2836,  37.3562,  45.3559,  71.9412,  93.9116,
         86.2506,  68.9875,  98.3238, 100.2744, 149.0604,  75.1140, 201.0866,
         46.3321, 116.7041, 145.3568,  86.0845,  50.3171,  88.0350,  82.9413,
         50.1347,  21.6214,  80.9675, 123.6945,  40.6923,  58.1481,  87.3539,
         89.7320,  69.1625,  59.3337,  96.5958,  86.7350, 109.8062,  53.9474,
         38.7732, 218.3678,  33.7117, 161.1619, 126.4430,  82.3641,  46.1395,
         42.4670,  63.5576,  72.0229,  44.8880])
tensor([ 32.2452,  50.4105,  33.6856, 112.0736, 100.9030,  36.7732,  33.7269,
         43.6189,  34.9829,  49.1913,  47.0168,  60.9599,  77.9164,  68.0592,
         28.8254,  27.4721, 101.9806,  37.3562,  45.3559,  23.6242,  93.9116,
         29.0081,  52.8080,  98.3238, 100.2744, 162.6435,  75.1140,  80.9133,
         46.3321, 298.1555, 262.7861,  86.0845,  50.3171,  37.2893,  34.9626,
         50.1347,  21.6214,  80.9675, 170.9320, 125.7278,  58.1481,  30.6762,
         32.8518,  69.1625,  59.3337,  35.4619,  86.7350,  28.6094,  53.9474,
         38.7732, 218.3678, 116.0905, 161.1619, 126.4430,  82.3641,  46.1395,
        129.8488,  49.9084,  72.0229,  44.8880])
tensor([ 80.7976,  50.4105,  33.6856,  28.1289, 100.9030,  36.7732,  86.6686,
         56.3946,  90.4943,  49.1913,  61.2227,  60.9599,  70.9137,  61.5024,
         28.8254,  76.7517, 219.1985,  37.3562,  45.3559,  23.6242,  93.9116,
         80.9448,  52.8080,  84.2540,  91.4927, 186.5472,  75.1140,  80.9133,
         46.3321, 105.9226, 262.7861,  80.6425,  63.0694,  89.2284,  85.6256,
         50.1347,  21.6214,  80.9675, 170.9320,  31.5971,  58.1481,  30.6762,
         32.8518,  27.2476,  59.3337,  35.4619,  86.7350,  28.6094,  53.9474,
         27.5561, 200.0283,  26.8035, 138.2234, 104.6118,  73.5743,  46.1395,
         32.3921,  63.8722,  73.8335,  44.8880])
tensor([ 80.7976,  50.4105,  33.6856,  28.1289, 100.9030,  36.7732,  63.8261,
         56.3946, 122.3207,  35.0499,  61.2227,  41.4187,  98.8141,  37.6798,
         53.0969,  76.7517, 219.1985,  33.5342,  94.4511,  96.5475,  56.9144,
        108.4826,  37.0857,  84.2540,  67.2277, 131.2110, 100.5863, 211.5821,
         46.3321, 105.9226, 187.8763,  57.9985,  63.0694, 122.1883,  85.6256,
         50.5316,  21.6214,  51.2070, 170.9320,  31.5971,  56.7477,  57.5567,
         32.8518,  27.2476,  59.3337,  35.4619,  86.7350,  28.6094,  37.0529,
         27.5561, 159.7733,  26.8035, 208.5008, 195.0215,  73.5743,  46.1395,
         63.7684,  63.8722,  73.8335,  57.4334])
tensor([ 80.7976,  47.7266,  46.8659,  56.2168, 208.1654,  36.7732,  96.4327,
         56.3946,  92.2145,  51.4082,  61.2227,  41.4187,  74.1147,  55.0176,
         85.6814,  76.7517, 216.3900,  33.5342,  94.4511,  96.5475,  89.4581,
        108.4826,  37.0857,  84.2540,  67.2277, 171.0963, 100.5863, 211.5821,
         46.3321, 105.9226, 190.0483,  57.9985,  63.0694, 122.1883,  84.6995,
         54.9508,  21.6214,  81.3831, 139.7782,  31.5971,  60.3744,  89.5611,
         88.6685,  27.2476,  47.6299,  89.8950,  86.7350,  28.6094,  53.1930,
         27.5561, 212.0203,  54.3414, 208.5008, 195.0215,  73.9814,  44.1393,
         63.7684,  50.3012,  73.8335,  61.9610])
tensor([ 80.7976,  65.6494,  48.8878,  56.2168, 258.2867, 100.5658,  96.4327,
         55.8250,  55.3091,  51.4082,  58.8007,  71.6611,  74.1147,  72.6376,
         85.6814,  76.7517, 216.3900,  59.9650,  38.8456,  37.9259, 107.9699,
         47.4995,  37.0857,  84.2540,  67.2277, 171.0963,  44.4842, 211.5821,
         46.3321, 178.4238, 190.0483,  57.9985,  63.0694,  52.5071,  52.9147,
         54.9508,  48.2924,  81.3831, 139.7782,  31.5971,  61.0882, 107.4346,
         88.6685,  51.4412,  51.2981, 107.0998,  86.7350,  28.6094,  69.2470,
         54.3030, 212.0203,  56.5773, 129.7379, 195.0215,  73.9814,  44.1393,
         63.7684,  50.3012,  42.1369,  61.3894])
tensor([ 80.7976,  65.6494,  48.8878,  56.2168, 158.8775,  58.0497,  96.4327,
         55.8250,  97.1298,  51.4082,  62.1760,  71.6611,  74.1525,  72.6376,
         85.6814,  76.7517, 159.3063,  59.9650,  38.8456,  73.8935, 107.9699,
         83.0989,  61.2944,  84.2540,  57.8883, 186.5585,  44.4842, 168.1502,
         79.4740, 250.9819, 230.8280,  57.9985,  63.0694,  95.3054,  92.4701,
         54.9508,  48.2924,  50.0588, 170.4905,  80.8810,  95.6685, 107.4346,
         55.0017,  82.5801,  80.0648, 107.0998,  46.1341,  45.8333,  69.2470,
         86.6368, 212.0203,  56.5773, 129.7379, 241.0286,  76.4612,  44.1393,
         88.7127,  50.3012,  42.1369,  61.3894])
tensor([ 72.9027,  37.6941,  48.8878,  85.5279, 231.3416,  58.0497,  85.4406,
         55.8250,  93.1471,  51.4082,  62.1760,  71.6611,  72.0954,  42.8600,
         74.7393,  76.7517, 210.8460,  59.9650,  38.8456,  72.3794,  83.7870,
         82.6492,  61.2944,  77.9811,  57.8883, 186.5585,  44.4842, 168.1502,
         91.5529, 250.9819, 240.6754,  57.9985,  63.0694,  95.3054,  89.9121,
         54.9508,  27.9000,  50.0588, 141.0437,  92.1903, 104.2147,  84.9860,
         85.3271,  92.5572,  91.5960,  86.5704,  74.5272,  45.8333,  69.2470,
         98.1127, 212.0203,  56.5773, 129.7379, 241.0286,  76.4612,  32.4439,
         88.7127,  50.3012,  69.5023,  61.3894])
tensor([ 72.9027,  48.2998,  48.8878,  85.5279, 279.1957, 106.4763,  85.4406,
         55.8250, 108.8983,  41.5462,  43.5985,  71.6611,  89.4339,  53.8742,
        103.2564,  77.7760, 254.3019,  41.5642,  78.2489,  88.3033,  83.7870,
         98.0034,  61.2944,  77.9811, 113.2744, 152.2028,  44.4842, 168.1502,
         62.5364, 250.9819, 201.3439,  96.5559,  63.0694,  95.3054,  89.9121,
         54.9508,  36.0780,  98.1710, 151.7467,  92.1903,  73.0751,  84.9860,
         85.3271,  92.5572,  91.5960, 112.4065, 101.6040,  45.8333,  69.2470,
         98.1127, 233.4630,  56.5773, 129.7379, 185.9895,  84.3969,  32.4439,
         88.7127,  50.3012,  69.5023,  62.6899])
tensor([ 65.2408,  93.2574,  48.8878,  45.5626, 279.1957,  93.0149,  85.4406,
         70.2248,  84.2115,  41.5462,  43.5985,  71.6611,  89.4339,  98.1830,
         88.4842,  60.5645, 226.1588,  41.5642,  61.2194,  88.3033,  83.7870,
         98.0034,  61.2944,  77.9811,  98.0288, 242.0509,  62.9484, 167.4998,
         62.5364, 163.7376, 181.0423,  96.5559,  63.0694,  75.4079,  78.0671,
         42.6545,  36.0780,  98.1710, 151.7467,  50.1783,  73.0751,  88.2693,
         90.5949,  50.3145,  91.5960, 112.4065,  87.0931,  74.1783,  69.2470,
         98.1127, 233.4630,  44.6196, 129.7379, 185.9895,  65.7705,  32.4439,
         49.8899,  50.3012,  61.5873,  62.6899])
tensor([ 65.2408,  36.8442,  58.6454,  71.8995, 213.2041,  93.0149,  79.2500,
         70.2248, 126.0641,  29.2463,  43.5985,  71.6611,  89.4339,  39.9396,
         82.2625, 104.0452, 226.1588,  29.3186,  61.2194,  88.3033,  79.1709,
         98.0034,  61.2944, 105.2267,  91.3648, 129.8297,  62.9484, 230.0560,
         62.5364, 217.4241, 232.3343,  74.3991,  26.0484, 118.6560, 121.3862,
         42.6545,  26.4070,  74.9708, 151.7467,  50.1783,  73.0751,  84.0763,
         90.5949,  50.3145,  91.5960,  84.6817,  87.0931,  74.1783,  69.2470,
         98.1127, 233.4630,  68.9913, 129.7379, 205.9585, 106.9125,  27.7482,
         49.8899,  50.3012,  61.5873,  62.6899])
tensor([ 65.2408,  36.8442,  65.7449,  76.7148, 213.2041,  79.4066,  77.9239,
         70.2248,  69.5667,  29.2463,  43.5985,  71.6611,  89.4339,  39.9396,
         82.2625, 104.0452, 226.1588,  60.5032,  53.2915,  53.5779,  79.1709,
         59.5110,  55.2439,  61.0887,  91.3648, 189.3467,  62.9484, 154.0853,
         62.5364, 217.4241, 208.6001,  74.3991,  57.0084, 118.6560,  68.0030,
         70.5020,  58.2088,  74.9708, 163.5310,  74.5678,  73.0751,  81.6719,
         77.5457,  72.8952,  91.5960,  82.1249,  87.0931,  74.1783,  57.2028,
         98.1127, 172.4298,  75.2640, 137.5051, 205.9585, 106.9125,  59.5326,
         49.8899,  53.9087,  61.5873,  62.6899])
tensor([ 80.0577,  88.9985,  49.9779,  59.7195, 176.3712,  79.4066,  77.9239,
         70.2248,  69.5667,  79.3932,  77.4067,  77.1951,  89.4339,  39.9396,
         82.2625,  77.8680, 226.1588,  60.5032,  79.1320,  53.5779,  79.1709,
         83.6736,  79.4988,  61.0887,  91.3648, 189.3467,  76.2293, 195.8996,
         62.5364, 217.4241, 199.5353,  74.3991,  80.9296, 118.6560,  94.2399,
         70.5020,  58.2088,  74.9708, 203.7216,  58.9183,  59.3996,  81.6719,
         65.2360,  58.0846,  91.5960,  68.1047,  87.0931,  74.1783,  57.2028,
         98.1127, 166.0255,  75.2640, 177.5665, 176.8384, 106.9125,  83.8633,
         55.5319,  77.8226,  74.6523,  62.6899])
tensor([ 92.5396,  64.3936,  78.1977,  59.7195, 196.8130,  69.4203,  68.9442,
         45.2174,  69.5667,  79.3932,  77.4067,  57.0887,  79.4431,  39.9396,
         64.3675,  89.4416, 226.1588,  56.7125,  90.0856,  53.5779,  79.1709,
         83.6736,  57.3742,  93.0244,  91.3648, 172.5971,  76.2293, 195.8996,
         62.5364, 217.4241, 199.5353,  74.3991,  58.1987, 118.6560,  94.2399,
         76.9103,  51.8504,  74.9708, 171.6487,  58.9183,  89.0139,  81.6719,
         65.2360,  85.7342,  91.5960,  68.1047,  61.7192,  56.1993,  54.3586,
         98.1127, 180.8070,  75.2640, 208.8801, 176.8384, 106.9125,  83.8633,
         55.5319,  55.2114,  84.8573,  77.1492])
tensor([ 92.5396, 114.1588,  78.1977,  51.0958, 249.0591,  69.4203,  68.9442,
         45.2174,  75.4880,  97.5092,  95.3411, 101.4227,  79.4431,  39.9396,
         64.3675,  89.4416, 201.9743,  56.7125,  90.0856,  53.5779,  79.1709,
         83.6736, 103.4095,  72.4032,  91.3648, 270.0771,  76.2293, 178.1837,
         42.7118, 166.1531, 199.5353,  73.5849,  58.1987,  70.7270,  94.2399,
         76.9103,  97.9024,  74.9708, 234.8775,  58.9183,  89.0139,  81.6719,
         86.9002,  85.7342,  37.8777,  68.1047,  61.7192,  74.4566,  54.3586,
         98.1127, 214.7188,  45.1660, 169.4374, 165.4609,  63.3515,  99.0581,
         55.5319, 102.4118,  67.9029,  47.5426])
tensor([ 92.5396,  71.4010,  76.7311,  51.0958, 249.0591,  69.4203,  68.9442,
         45.2174,  75.4880,  97.5092,  95.3411,  65.6432,  69.6164,  39.9396,
         86.4943,  76.6212, 208.7787,  59.7161,  90.0856,  67.7427,  79.1709,
         83.6736,  64.3359,  72.4032,  91.3648, 194.9586,  70.7167, 192.5815,
         79.3847, 251.1206, 234.8324,  73.5849,  60.1897,  70.7270,  94.2399,
         77.8186,  58.6943,  74.9708, 234.8775,  81.9892,  89.4223,  87.6759,
         86.9002,  85.7342,  37.8777,  68.1047,  61.7192,  74.4566,  58.3688,
         74.4335, 212.7257,  45.1660, 203.8476, 249.7871,  63.3515,  61.6619,
         80.6733, 102.4118,  67.9029,  85.5003])
tensor([ 92.5396,  71.4010,  76.7311,  51.0958, 249.0591,  53.0747,  68.9442,
         48.4140,  75.4880,  97.5092,  58.1292,  65.6432,  69.6164,  39.9396,
         86.4943,  63.6103, 208.7787,  59.7161,  56.9977,  67.7427,  79.1709,
         83.6736,  64.3359,  67.2609,  52.1555, 194.9586,  56.6792, 168.0474,
        118.1301, 303.4964, 234.8324,  73.5849,  64.8669,  67.1886,  68.7600,
        118.7042,  58.6943,  42.7155, 234.8775, 120.0041, 128.0809,  54.4489,
         53.2656, 117.2195,  37.8777,  53.5916,  61.7192,  48.5086,  63.8205,
         74.4335, 157.8307,  45.1660, 203.8476, 299.8520,  58.8055,  61.6619,
        120.4214, 102.4118,  58.8437, 123.9168])
tensor([113.0746,  71.4010,  47.4067,  54.6819, 249.0591,  53.0747, 107.3476,
         48.4140,  75.4880,  27.6626,  30.7013,  32.1161,  69.6164,  28.1387,
        108.5231,  63.6103, 256.2315,  59.7161,  56.9977, 106.1297, 101.0295,
         83.6736,  30.9510,  67.2609,  52.1555, 116.6646, 115.7019, 168.0474,
         55.5478, 190.5274, 234.8324, 100.0393,  64.8669,  67.1886,  68.7600,
         51.1324,  28.2865,  42.7155, 234.8775, 120.0041,  61.1406, 116.9480,
        118.2135,  56.9690,  37.8777, 117.2837, 100.7593,  48.5086,  63.8205,
         74.4335, 264.2728,  48.6016, 203.8476, 183.9716,  58.8055,  61.6619,
        120.4214, 102.4118,  58.8437,  60.2678])
