tensor([37.3599, 35.7962,  0.0000,  0.0000, 35.7872,  0.0000, 37.1035, 35.9197,
        36.7755,  0.0000,  0.0000,  0.0000,  0.0000, 37.5882, 35.8537,  0.0000,
        36.7152, 34.8980,  0.0000,  0.0000, 36.8280,  0.0000,  0.0000,  0.0000,
        36.0565,  0.0000,  0.0000, 37.3589, 35.5206,  0.0000, 36.9114, 34.8605,
        36.3310,  0.0000,  0.0000,  0.0000, 35.4068,  0.0000, 36.6842, 37.3573,
         0.0000, 36.7664, 36.9956,  0.0000, 36.1206,  0.0000, 37.9018,  0.0000,
        35.9053, 37.2235,  0.0000, 36.6127,  0.0000,  0.0000, 37.3525, 36.1348,
        36.3039,  0.0000,  0.0000,  0.0000])
tensor([71.2543, 60.8624,  0.0000,  0.0000, 35.7872,  0.0000, 68.9453, 57.1274,
        36.7755,  0.0000,  0.0000, 59.8980,  0.0000, 71.9239, 58.9783,  0.0000,
        36.7152, 34.8980, 57.8077,  0.0000, 36.8280, 69.7157, 67.6577,  0.0000,
        59.4912,  0.0000, 67.2463, 70.2272, 58.8428, 59.6223, 36.9114, 57.7768,
        36.3310, 69.1587, 67.2081, 59.9467, 35.4068,  0.0000, 36.6842, 71.1210,
         0.0000, 72.6738, 67.2901, 57.6731, 59.9292, 59.1653, 69.5625, 58.4153,
        59.9425, 37.2235, 58.1224, 36.6127,  0.0000,  0.0000, 37.3525, 36.1348,
        60.4910,  0.0000,  0.0000,  0.0000])
tensor([ 71.2543,  60.8624,  65.4153,   0.0000,  35.7872, 103.0373,  65.5015,
         57.1274,  36.7755,   0.0000,  69.2401, 104.1140,  64.1384,  71.9239,
         58.9783,  99.9132,  64.1025,  34.8980, 105.3987,  99.6897,  36.8280,
         69.7157,  67.6577, 105.1102,  59.4912, 100.0407,  62.9361,  67.6482,
        105.5502,  59.6223,  66.9406, 101.7085,  64.0442,  69.1587,  67.2081,
        110.2900,  35.4068,  64.8409,  66.8739,  71.1210,   0.0000,  72.6738,
         62.2493,  57.6731,  59.9292, 106.9427,  64.0723, 105.8850,  59.9425,
         64.4463,  58.1224,  36.6127,   0.0000,  63.7164,  37.3525, 105.0616,
         60.4910,  64.8922,   0.0000,  68.1541])
tensor([156.9648,  55.4434, 145.7826,   0.0000,  35.7872, 103.0373,  65.5015,
         57.1274,  36.7755,   0.0000, 156.4518, 104.1140, 157.5253,  71.9239,
         51.7736,  99.9132,  64.1025,  34.8980, 105.3987,  53.8593,  36.8280,
         69.7157, 151.6802,  56.5631,  59.4912,  52.2879,  62.9361,  67.6482,
        105.5502,  52.7914, 151.1811,  54.1101, 154.3083, 156.4131, 142.0230,
         53.1249,  35.4068, 153.8840,  66.8739, 155.3662,   0.0000, 157.8433,
        149.9279,  57.6731,  51.6737,  52.6587, 149.7200, 105.8850,  52.8727,
         64.4463,  52.7212,  36.6127,   0.0000, 152.1148,  37.3525,  52.4799,
         52.3597,  64.8922,  52.2723,  68.1541])
tensor([ 91.1862,  55.4434, 145.7826, 141.6043,  35.7872, 103.0373,  65.5015,
         57.1274,  91.5204,   0.0000, 156.4518, 104.1140,  90.6838,  93.2573,
        139.4807,  99.9132,  64.1025, 136.9892, 105.3987,  53.8593,  36.8280,
         90.0138,  89.8515, 144.1268, 144.1204,  52.2879,  90.0630,  90.3309,
        105.5502,  52.7914,  90.7201, 140.4542,  93.2941,  91.3027, 142.0230,
        146.3007, 134.3540,  91.3548,  89.2463, 155.3662, 133.9294, 157.8433,
         89.6670,  57.6731,  51.6737,  52.6587,  88.3095, 137.8988,  52.8727,
         64.4463, 140.3775, 134.3769,  85.1264, 152.1148,  89.1942,  52.4799,
         52.3597,  90.6805,  52.2723,  68.1541])
tensor([190.0236,  68.2629, 176.7436, 141.6043,  67.9289,  64.7948,  65.5015,
         65.6053, 185.4143,   0.0000, 185.7694,  67.0180,  90.6838,  93.2573,
         67.9634,  66.0983, 188.0258,  67.2318,  67.6753,  53.8593,  36.8280,
         90.0138, 184.9190, 144.1268, 144.1204,  52.2879,  90.0630,  90.3309,
         69.2691,  52.7914,  90.7201, 140.4542, 184.4499,  91.3027, 142.0230,
         69.6781, 134.3540, 189.8080, 186.2743, 155.3662,  64.5612, 157.8433,
         89.6670,  65.0166,  51.6737,  67.3550,  88.3095, 137.8988,  52.8727,
         64.4463,  67.4187,  63.9616,  85.1264, 185.1926, 179.8403,  66.3289,
         52.3597, 185.4905,  68.1201,  68.1541])
tensor([190.0236, 202.1306, 176.7436, 141.6043, 203.6552,  64.7948,  63.5429,
        197.8009, 185.4143,   0.0000,  66.9436,  67.0180,  63.5419,  66.5293,
        206.0244,  66.0983,  63.8410, 202.9466, 207.5899, 196.5774,  67.4003,
         62.7992, 184.9190, 144.1268, 208.2544, 193.1782,  65.7157,  63.1237,
         69.2691, 206.5555,  65.0737, 197.4161,  68.0955,  64.3711,  63.5477,
         69.6781, 134.3540, 189.8080, 186.2743, 155.3662, 202.4900,  65.0733,
         64.6749,  65.0166, 204.4944, 207.3159,  63.6693, 137.8988,  52.8727,
         64.4463,  67.4187,  63.9616,  85.1264, 185.1926, 179.8403,  66.3289,
         52.3597, 185.4905,  68.1201,  68.1541])
tensor([190.0236, 133.5880, 137.8348, 128.0376, 132.9449,  64.7948,  63.5429,
        197.8009, 144.7516,   0.0000, 150.9622,  67.0180,  63.5419, 150.7735,
        134.0072,  66.0983,  63.8410, 202.9466, 207.5899, 132.0973, 150.2570,
         62.7992, 184.9190, 144.1268, 208.2544, 128.1021,  65.7157, 149.2632,
        130.9356, 206.5555,  65.0737, 197.4161, 149.0155, 145.0315, 137.7336,
         69.6781, 126.2647, 147.9596, 145.9761, 155.3662, 130.1843, 146.7225,
         64.6749, 125.3305, 130.5480, 138.0410, 139.3335, 134.5491,  52.8727,
        142.6774, 133.2187,  63.9616, 134.8306, 185.1926, 179.8403,  66.3289,
        127.9099, 185.4905,  68.1201,  68.1541])
tensor([158.7790, 133.5880, 161.2843, 128.0376, 131.0134,  64.7948, 155.7953,
        197.8009, 163.0247,   0.0000, 169.1190,  67.0180, 167.2730, 169.2461,
        134.0072,  66.0983, 166.5831, 202.9466, 207.5899, 127.4674, 150.2570,
         62.7992, 162.3111, 144.1268, 128.8380, 128.1021, 158.7903, 164.9240,
        130.9356, 125.0735, 161.9187, 126.9670, 167.0888, 145.0315, 137.7336,
        125.6945, 125.8140, 164.1835, 167.4897, 156.4646, 130.1843, 146.7225,
         64.6749, 125.3305, 130.5480, 131.1327, 158.7474, 127.6138, 122.2535,
        142.6774, 133.2187,  63.9616, 134.8306, 161.9644, 179.8403, 124.0332,
        127.9099, 185.4905, 130.0908,  68.1541])
tensor([158.7790,  84.3388, 213.0025, 128.0376,  83.1147,  64.7948, 205.0756,
        197.8009, 221.0136,   0.0000, 230.3986,  67.0180, 225.4917, 230.4335,
        134.0072,  78.6657, 166.5831,  80.4157,  81.4849, 127.4674, 218.0207,
        217.4290, 220.3796, 144.1268,  84.0118,  78.2486, 158.7903, 221.6969,
        130.9356, 125.0735, 161.9187,  84.3067, 216.2794, 145.0315, 211.7926,
         84.1574,  80.3124, 220.4716, 167.4897, 213.5066, 130.1843, 146.7225,
        212.4726, 125.3305, 130.5480, 131.1327, 158.7474, 127.6138, 122.2535,
        142.6774, 133.2187,  63.9616, 134.8306, 221.3914, 208.3286,  78.3173,
        127.9099, 216.9209,  82.2561,  68.1541])
tensor([158.7790,  84.3388, 173.9979, 128.0376, 132.2234,  64.7948, 170.1678,
        126.9569, 177.3566, 166.7402, 183.4901,  67.0180, 225.4917, 184.1084,
        134.0072, 122.8372, 180.5280, 126.5177, 125.8590, 127.4674, 178.5816,
        173.4908, 220.3796, 124.9881, 132.4642,  78.2486, 168.3189, 221.6969,
        130.9356, 125.0735, 161.9187, 129.9363, 177.7120, 145.0315, 174.0255,
        129.7341,  80.3124, 177.6007, 175.1196, 213.5066, 130.1843, 146.7225,
        212.4726, 125.3305, 130.5480, 131.1327, 158.7474, 128.8101, 119.6420,
        142.6774, 133.2187, 123.0893, 170.1417, 221.3914, 208.3286,  78.3173,
        121.9049, 216.9209, 127.8129, 165.4627])
tensor([115.9149,  84.3388, 127.8320, 128.0376, 188.5650, 166.7480, 115.9752,
        179.2178, 122.9339, 166.7402, 183.4901,  67.0180, 225.4917, 184.1084,
        186.3926, 122.8372, 180.5280, 186.9543, 189.3027, 127.4674, 178.5816,
        126.9531, 220.3796, 179.3828, 193.4099,  78.2486, 121.8229, 221.6969,
        130.9356, 188.5657, 161.9187, 129.9363, 128.7497, 145.0315, 127.0682,
        191.0767, 181.9195, 127.0540, 175.1196, 115.9785, 130.1843, 123.6574,
        212.4726, 125.3305, 180.6546, 131.1327, 116.1973, 188.8830, 176.2118,
        142.6774, 184.6036, 173.1805, 170.1417, 221.3914, 112.8417,  78.3173,
        121.9049, 127.6023, 127.8129, 165.4627])
tensor([142.7226, 169.1903, 142.5517, 128.0376, 188.5650, 166.7480, 143.6439,
        172.0232, 122.9339, 166.7402, 145.2094,  67.0180, 142.4590, 146.5516,
        186.3926, 154.8043, 144.2124, 186.9543, 165.3318, 127.4674, 146.9822,
        126.9531, 220.3796, 179.3828, 168.6496,  78.2486, 138.8437, 140.8192,
        160.5325, 188.5657, 141.3519, 129.9363, 128.7497, 145.0315, 142.4872,
        165.0653, 171.7683, 142.6015, 175.1196, 115.9785, 130.1843, 123.6574,
        212.4726, 156.6176, 160.3201, 131.1327, 116.1973, 188.8830, 154.0898,
        142.6774, 167.8830, 164.2912, 170.1417, 221.3914, 112.8417, 159.2399,
        157.8144, 139.2628, 163.3954, 165.4627])
tensor([142.7226, 169.1903, 158.4116, 128.0376, 164.1543, 166.7480, 143.6439,
        159.5792, 122.9339, 166.7402, 145.2094, 148.5586, 152.2646, 162.3340,
        186.3926, 156.6023, 149.6460, 186.9543, 173.7142, 152.8945, 156.0953,
        126.9531, 143.3548, 160.4372, 168.6496, 157.8712, 138.8437, 140.8192,
        160.9221, 173.4021, 153.1013, 129.9363, 128.7497, 145.0315, 156.6507,
        165.0653, 171.7683, 142.6015, 150.2956, 145.7603, 130.1843, 150.3112,
        212.4726, 148.9527, 162.7550, 131.1327, 139.6975, 188.8830, 154.0898,
        142.6774, 169.6563, 164.2912, 140.5450, 145.0453, 112.8417, 163.1283,
        153.6053, 139.2628, 163.3954, 147.5228])
tensor([142.7226, 150.9210, 168.4528, 128.0376, 164.1543, 143.9140, 162.4658,
        159.5792, 122.9339, 166.7402, 145.2094, 152.0832, 152.2646, 162.3340,
        142.6963, 145.3961, 149.6460, 144.6537, 173.7142, 149.7929, 165.2731,
        154.3250, 143.3548, 160.4372, 147.0185, 143.8660, 138.8437, 140.8192,
        147.2803, 173.4021, 153.1013, 129.9363, 128.7497, 145.0315, 169.2605,
        142.8193, 154.8503, 163.1187, 150.2956, 145.7603, 139.9591, 164.5518,
        212.4726, 148.9527, 162.7550, 149.7019, 155.9332, 147.1534, 141.7130,
        154.8397, 154.3853, 164.2912, 160.8835, 161.4546, 155.2204, 163.1283,
        153.6053, 157.9973, 163.3954, 147.5228])
tensor([132.5609, 171.1960, 168.4528, 128.0376, 172.5897, 143.9140, 130.7682,
        159.5792, 122.9339, 131.5517, 145.2094, 163.3210, 152.2646, 162.3340,
        142.6963, 145.3961, 149.6460, 175.1910, 184.9438, 164.4055, 142.4616,
        154.3250, 133.9241, 160.4372, 147.0185, 143.8660, 138.8437, 140.8192,
        147.2803, 173.4021, 134.7643, 167.2450, 139.0674, 145.0315, 169.2605,
        187.0742, 154.8503, 144.2013, 150.2956, 132.7300, 169.5064, 140.0288,
        130.3913, 160.7508, 171.9251, 181.5229, 131.4545, 147.1534, 165.6199,
        154.8397, 183.1766, 164.2912, 130.9359, 161.4546, 126.4057, 172.9668,
        167.4299, 157.9973, 163.3954, 147.5228])
tensor([121.1254, 171.1960, 128.2813, 147.3723, 155.1968, 143.9140, 130.7682,
        159.5792, 122.9339, 122.2176, 119.4064, 158.4984, 124.5273, 121.3761,
        142.6963, 149.3618, 128.1494, 175.1910, 184.9438, 154.4392, 128.1797,
        154.3250, 133.9241, 160.4372, 147.0185, 143.8660, 138.8437, 121.0861,
        149.6617, 145.4706, 134.7643, 167.2450, 139.0674, 145.0315, 129.4173,
        146.8476, 157.3662, 144.2013, 126.4369, 120.6939, 169.5064, 140.0288,
        130.3913, 153.3467, 158.1089, 181.5229, 123.6357, 152.1205, 165.6199,
        122.4147, 157.8860, 164.2912, 130.9359, 161.4546, 126.4057, 172.9668,
        156.6423, 125.8348, 150.4528, 147.5228])
tensor([155.5420, 149.1400, 128.2813, 145.3538, 155.1968, 139.3157, 130.7682,
        159.5792, 146.9177, 122.2176, 159.7526, 144.6444, 124.5273, 121.3761,
        147.3226, 149.3618, 148.7401, 150.2235, 184.9438, 154.4392, 128.1797,
        155.1361, 146.7669, 160.4372, 147.0185, 147.5412, 145.8293, 121.0861,
        149.6617, 145.4706, 134.7643, 145.2707, 139.0674, 145.0315, 157.8629,
        146.8476, 141.8961, 155.2799, 156.5591, 120.6939, 169.5064, 155.0325,
        146.5897, 153.3467, 150.9451, 153.5112, 123.6357, 153.0071, 165.6199,
        122.4147, 156.8208, 164.2912, 130.9359, 148.3376, 143.1075, 149.2279,
        147.2778, 125.8348, 150.4528, 143.6370])
tensor([155.5420, 149.1400, 128.2813, 129.7432, 139.7434, 139.3157, 130.7682,
        159.5792, 146.9177, 162.2238, 171.5486, 144.6444, 124.5273, 172.8900,
        134.2366, 133.9207, 148.7401, 135.2792, 184.9438, 138.6017, 171.2140,
        158.9415, 146.7669, 130.2679, 147.0185, 147.5412, 160.5974, 121.0861,
        130.7529, 145.4706, 163.2523, 135.7128, 169.0004, 157.0623, 157.8629,
        129.7926, 142.1660, 155.2799, 156.5591, 164.9547, 125.1552, 172.8270,
        146.5897, 137.2484, 150.9451, 135.9724, 164.1683, 153.0071, 165.6199,
        122.4147, 156.8208, 127.3544, 130.9359, 148.3376, 167.0290, 149.2279,
        147.2778, 166.7655, 135.9967, 143.6370])
tensor([155.5420, 149.1400, 128.2813, 157.2896, 139.7434, 150.6504, 130.7682,
        152.2160, 146.9177, 141.4423, 150.6245, 156.6623, 124.5273, 149.6941,
        134.2366, 133.9207, 141.0216, 160.2188, 184.9438, 154.5292, 171.2140,
        158.9415, 139.9434, 159.7009, 162.3641, 157.8454, 160.5974, 144.4429,
        130.7529, 166.8611, 163.2523, 156.5598, 142.7155, 157.0623, 157.8629,
        168.3076, 155.0969, 155.2799, 149.1320, 164.9547, 125.1552, 172.8270,
        146.5897, 148.7915, 160.7117, 135.9724, 164.1683, 162.1466, 165.6199,
        137.0530, 156.8208, 127.3544, 136.9663, 140.7711, 135.4242, 149.2279,
        147.2778, 147.6048, 135.9967, 136.6175])
tensor([155.5420, 149.1400, 135.6423, 157.2896, 139.7434, 169.9282, 138.0626,
        181.5606, 135.3794, 141.4423, 146.0103, 156.6623, 124.5273, 146.6565,
        134.2366, 167.2268, 140.8902, 175.1787, 184.9438, 154.5292, 145.3167,
        158.9415, 139.9434, 159.7009, 172.7851, 165.8258, 160.5974, 138.2427,
        171.9560, 166.8611, 163.2523, 178.2634, 143.9207, 131.3493, 157.8629,
        168.3076, 155.0969, 155.2799, 149.1320, 138.0351, 165.0113, 172.8270,
        135.9963, 172.1449, 170.6415, 135.9724, 143.8165, 176.3999, 165.6694,
        140.8740, 156.8208, 168.5437, 136.9663, 140.7711, 135.4242, 149.2279,
        176.7171, 147.6048, 135.9967, 131.6525])
tensor([156.1105, 156.5268, 135.6423, 157.2896, 139.7434, 169.9282, 138.0626,
        155.6757, 135.3794, 160.5416, 146.0103, 154.9660, 160.5831, 174.5154,
        134.2366, 159.4220, 159.7700, 161.2883, 158.7449, 157.0033, 145.3167,
        158.9415, 139.9434, 159.7009, 161.8671, 165.8258, 155.7842, 138.2427,
        158.0295, 166.8611, 163.2523, 178.2634, 143.9207, 161.1741, 164.2958,
        167.4686, 155.0969, 163.3016, 163.9311, 138.0351, 149.5061, 172.8270,
        156.7677, 158.8278, 170.6415, 135.9724, 143.8165, 163.1182, 165.6694,
        154.4768, 158.0091, 168.5437, 151.2566, 160.9164, 153.9687, 149.2279,
        176.7171, 147.6048, 135.9967, 162.0664])
tensor([195.4528, 128.7102, 135.6423, 157.2896, 128.1907, 169.9282, 196.8524,
        134.0424, 186.5026, 160.5416, 200.8481, 154.9660, 160.5831, 201.5509,
        134.2366, 159.4220, 199.1000, 161.2883, 128.6406, 157.0033, 145.3167,
        158.9415, 195.1174, 134.4892, 133.3817, 165.8258, 197.4568, 138.2427,
        133.9248, 166.8611, 163.2523, 132.5436, 197.3701, 161.1741, 194.7967,
        124.9957, 133.1424, 163.3016, 163.9311, 138.0351, 149.5061, 172.8270,
        198.1355, 129.4674, 170.6415, 134.4171, 197.5706, 137.1050, 123.2273,
        154.4768, 130.1218, 134.8206, 151.2566, 196.1013, 153.9687, 149.2279,
        176.7171, 191.3840, 135.9967, 162.0664])
tensor([138.5244, 128.7102, 135.6423, 157.2896, 128.1907, 169.9282, 196.8524,
        189.4621, 186.5026, 160.5416, 200.8481, 154.9660, 143.1905, 151.3519,
        134.2366, 159.4220, 199.1000, 191.6176, 128.6406, 186.7652, 146.3155,
        140.5439, 142.9876, 134.4892, 190.7076, 186.2021, 197.4568, 138.9313,
        190.9520, 193.9834, 163.2523, 188.4094, 143.6961, 142.0951, 142.9130,
        124.9957, 190.6092, 144.9221, 163.9311, 138.0351, 149.5061, 172.8270,
        198.1355, 186.7031, 170.6415, 190.2932, 197.5706, 137.1050, 179.6131,
        139.4212, 194.4537, 176.3073, 151.2566, 143.9639, 138.4655, 149.2279,
        185.4588, 191.3840, 181.3328, 162.0664])
tensor([133.1156, 189.4320, 135.6423, 157.2896, 189.7325, 169.9282, 196.8524,
        189.4621, 186.5026, 160.5416, 134.9856, 154.9660, 131.0079, 151.3519,
        134.2366, 189.9546, 199.1000, 191.6176, 198.0414, 198.9880, 146.3155,
        128.1317, 142.9876, 199.4305, 200.7728, 190.1500, 130.2936, 131.0001,
        200.4036, 191.3373, 163.2523, 198.6476, 143.6961, 123.8616, 142.9130,
        124.9957, 190.6092, 130.1486, 130.6115, 132.7372, 149.5061, 172.8270,
        131.2998, 186.7031, 186.2536, 201.9806, 132.2394, 201.2826, 179.6131,
        139.4212, 194.4537, 197.8471, 151.2566, 134.8133, 138.4655, 182.6923,
        192.9256, 191.3840, 181.3328, 162.0664])
tensor([130.7019, 189.4320, 131.0953, 157.2896, 201.7152, 169.9282, 118.8098,
        189.4621, 186.5026, 126.4604, 138.9289, 195.3042, 131.0079, 151.3519,
        134.2366, 189.9546, 132.5219, 201.4205, 198.0414, 201.6928, 146.3155,
        128.1317, 134.7603, 203.2441, 200.7728, 201.5376, 134.3423, 131.0001,
        200.4036, 201.6059, 163.2523, 203.5229, 133.3909, 123.8616, 130.9838,
        124.9957, 190.6092, 130.1486, 129.9736, 130.5039, 187.9043, 172.8270,
        131.2998, 194.3652, 186.2536, 206.0420, 132.2394, 201.2826, 179.6131,
        127.0352, 203.1827, 185.2663, 151.2566, 135.3575, 138.4655, 182.6923,
        199.1590, 191.3840, 195.9115, 130.0684])
tensor([130.7019, 150.7999, 131.0953, 157.2896, 151.5799, 145.6544, 118.8098,
        189.4621, 186.5026, 126.4604, 191.8263, 195.3042, 131.0079, 191.9225,
        134.2366, 152.3659, 187.2604, 152.2086, 198.0414, 156.8579, 146.3155,
        176.8287, 190.8196, 154.6552, 200.7728, 150.5563, 134.3423, 180.3238,
        153.7405, 149.6629, 163.2523, 203.5229, 188.5029, 177.3718, 183.8974,
        124.9957, 190.6092, 179.6757, 184.5422, 130.5039, 153.2626, 172.8270,
        185.2790, 146.6585, 145.5817, 155.2005, 132.2394, 152.8524, 179.6131,
        127.0352, 203.1827, 156.7859, 151.2566, 135.3575, 138.4655, 145.9413,
        199.1590, 176.5701, 195.9115, 130.0684])
tensor([130.7019, 184.8582, 131.0953, 171.7660, 151.5799, 145.6544, 118.8098,
        189.4621, 186.5026, 126.4604, 163.2849, 177.6624, 131.0079, 191.9225,
        173.6250, 182.5885, 155.9029, 190.5020, 198.0414, 185.2709, 157.8564,
        159.4954, 159.1522, 154.6552, 200.7728, 185.3032, 134.3423, 158.5763,
        153.7405, 190.2123, 147.5737, 203.5229, 188.5029, 177.3718, 183.8974,
        189.9452, 190.6092, 179.6757, 184.5422, 152.3047, 181.4015, 155.0956,
        185.2790, 178.3429, 145.5817, 188.4561, 149.9552, 190.6197, 173.8866,
        127.0352, 203.1827, 178.7068, 141.3426, 159.6924, 138.4655, 145.9413,
        199.1590, 176.5701, 178.0746, 155.8556])
tensor([130.7019, 184.8582, 119.7247, 171.7660, 215.2237, 145.6544, 118.8098,
        205.0847, 116.1317, 121.3025, 126.6225, 177.6624, 125.2645, 128.1130,
        173.6250, 215.9027, 124.8189, 222.2372, 198.0414, 219.7769, 157.8564,
        159.4954, 159.1522, 217.0717, 200.7728, 215.0582, 134.3423, 158.5763,
        216.2515, 216.5214, 147.5737, 203.5229, 188.5029, 117.3982, 183.8974,
        189.9452, 205.3764, 122.5799, 122.7419, 152.3047, 218.4522, 155.0956,
        185.2790, 178.3429, 145.5817, 188.4561, 121.9748, 190.6197, 204.5892,
        119.8801, 214.2645, 222.3515, 118.7091, 125.8010, 138.4655, 145.9413,
        199.1590, 121.7602, 205.5669, 155.8556])
tensor([130.7019, 146.8883, 187.3757, 142.7124, 215.2237, 145.6544, 176.8877,
        145.7108, 116.1317, 121.3025, 126.6225, 139.8715, 190.0380, 199.0428,
        147.5137, 215.9027, 124.8189, 148.2348, 198.0414, 219.7769, 189.1251,
        189.5089, 159.1522, 217.0717, 200.7728, 154.7498, 134.3423, 158.5763,
        148.4781, 216.5214, 147.5737, 149.8872, 188.5029, 186.4030, 183.8974,
        151.6850, 205.3764, 122.5799, 188.9386, 185.1697, 218.4522, 186.7193,
        185.2790, 143.2121, 144.6180, 188.4561, 121.9748, 190.6197, 142.4237,
        119.8801, 214.2645, 222.3515, 176.9865, 194.5743, 179.4576, 143.6802,
        199.1590, 188.4928, 147.9728, 187.5887])
tensor([194.0073, 146.8883, 190.9487, 142.7124, 215.2237, 140.7008, 176.8877,
        140.5410, 116.1317, 121.3025, 202.8631, 139.8715, 195.4278, 203.0433,
        140.7474, 143.0434, 197.8015, 148.2348, 145.8008, 219.7769, 194.0653,
        190.8828, 159.1522, 217.0717, 146.0145, 141.8389, 134.3423, 158.5763,
        149.8575, 145.4402, 181.0072, 147.0507, 188.5029, 186.4030, 183.8974,
        145.1746, 205.3764, 194.4445, 194.5014, 185.1697, 146.8014, 186.7193,
        185.2790, 143.2121, 144.6180, 145.3244, 121.9748, 190.6197, 140.9427,
        187.7635, 144.9851, 150.0745, 192.3049, 194.5743, 187.3506, 143.6802,
        199.1590, 188.4928, 147.9728, 187.5887])
tensor([161.1580, 183.6339, 167.4823, 184.6196, 215.2237, 178.7981, 176.8877,
        183.3184, 160.0872, 159.7828, 202.8631, 139.8715, 195.4278, 171.1509,
        140.7474, 143.0434, 165.5587, 184.5451, 145.8008, 184.3778, 194.0653,
        190.8828, 159.1522, 217.0717, 183.9165, 141.8389, 134.3423, 158.5763,
        149.8575, 191.5595, 181.0072, 147.0507, 188.5029, 165.8582, 167.3802,
        145.1746, 186.3613, 194.4445, 168.3498, 185.1697, 146.8014, 164.9566,
        158.3895, 179.9925, 144.6180, 145.3244, 121.9748, 184.8641, 183.3794,
        187.7635, 187.1780, 183.3284, 157.1854, 194.5743, 187.3506, 183.3344,
        180.7120, 167.2084, 189.2235, 187.5887])
tensor([161.1580, 203.8566, 167.4823, 201.5078, 215.2237, 205.6399, 176.8877,
        183.3184, 138.9974, 159.7828, 202.8631, 206.0209, 146.6925, 171.1509,
        140.7474, 208.5846, 148.7466, 212.6903, 145.8008, 184.3778, 194.0653,
        141.3825, 142.8284, 217.0717, 210.2443, 141.8389, 134.3423, 143.0766,
        212.4745, 191.5595, 181.0072, 210.2950, 188.5029, 138.2637, 167.3802,
        208.6357, 186.3613, 145.3804, 146.6822, 185.1697, 208.5040, 148.7114,
        142.1091, 207.2520, 201.6311, 210.5706, 121.9748, 212.4676, 183.3794,
        143.2342, 187.1780, 183.3284, 146.2812, 194.5743, 187.3506, 201.7212,
        180.7120, 167.2084, 201.0601, 187.5887])
tensor([161.1580, 203.8566, 127.8505, 228.6386, 228.7461, 227.1938, 117.3857,
        183.3184, 138.9974, 117.4996, 127.1391, 222.5498, 126.3928, 128.5179,
        140.7474, 208.5846, 126.6002, 230.1683, 145.8008, 184.3778, 194.0653,
        141.3825, 142.8284, 226.2767, 210.2443, 141.8389, 120.3403, 123.7489,
        212.4745, 191.5595, 120.0571, 210.2950, 120.8441, 138.2637, 128.7558,
        232.4614, 186.3613, 145.3804, 146.6822, 119.3802, 208.5040, 127.2679,
        121.2465, 228.5494, 201.6311, 228.2440, 118.1189, 230.2885, 183.3794,
        143.2342, 187.1780, 183.3284, 117.7425, 194.5743, 120.8173, 201.7212,
        223.7598, 167.2084, 230.9882, 187.5887])
tensor([161.1580,  54.6813, 304.8414,  52.3547, 228.7461,  53.4290, 117.3857,
         52.5129, 290.4249, 117.4996, 127.1391, 222.5498, 126.3928, 128.5179,
        140.7474, 208.5846, 312.4373,  56.0632, 145.8008,  59.4664, 301.2272,
        141.3825, 142.8284, 226.2767,  54.9773,  53.6537, 120.3403, 305.0446,
         54.8224, 191.5595, 120.0571, 210.2950, 120.8441, 291.0419, 304.1398,
        232.4614,  51.4405, 145.3804, 311.1411, 119.3802, 208.5040, 127.2679,
        299.8256,  54.8923,  50.9966,  55.4381, 118.1189,  55.2385,  52.8096,
        143.2342, 187.1780, 183.3284, 117.7425, 299.1051, 293.3285,  51.7999,
         54.9587, 167.2084,  53.5218, 290.2544])
tensor([161.1580, 273.1272, 304.8414,  52.3547, 228.7461,  53.4290,  71.5056,
         52.5129,  73.2547, 117.4996,  76.9108, 222.5498,  74.5359,  76.5486,
        140.7474, 275.9861, 312.4373,  56.0632, 265.9678, 272.7140, 301.2272,
         74.7741, 142.8284, 276.9686,  54.9773, 276.2564, 120.3403,  75.3463,
        277.4490, 191.5595,  73.8803, 210.2950,  74.2318,  73.7042,  78.9093,
        273.0512,  51.4405,  74.7964, 311.1411, 119.3802, 268.5170,  74.6215,
        299.8256, 280.2901,  50.9966,  55.4381,  74.8873,  55.2385, 275.7534,
        143.2342, 267.0909, 183.3284,  71.3967,  73.0976, 293.3285, 272.4923,
         54.9587,  75.7512,  53.5218, 290.2544])
tensor([230.7522, 273.1272, 245.8849,  52.3547, 115.3350,  53.4290, 234.4766,
        115.2891, 237.8255, 231.2940,  76.9108, 222.5498,  74.5359,  76.5486,
        117.0137, 275.9861, 312.4373, 117.7129, 265.9678, 118.8301, 237.0815,
         74.7741, 238.5354, 276.9686,  54.9773, 276.2564, 231.4934,  75.3463,
        277.4490, 191.5595,  73.8803, 210.2950, 236.3637, 237.9967, 246.7575,
        273.0512, 115.4779, 241.6709, 311.1411, 119.3802, 114.9187, 243.2390,
        299.8256, 280.2901, 115.4446,  55.4381,  74.8873, 117.1970, 115.1816,
        230.6473, 114.5321, 183.3284, 235.7355,  73.0976, 293.3285, 116.3476,
        115.6120,  75.7512, 117.8586, 237.3373])
tensor([230.7522, 175.2377, 245.8849, 173.2975, 174.0580, 175.1163, 234.4766,
        115.2891, 189.1973, 231.2940, 200.3775, 222.5498,  74.5359,  76.5486,
        117.0137, 175.7398, 198.0215, 180.8493, 265.9678, 177.9755, 237.0815,
        192.3149, 238.5354, 178.7303, 178.4001, 175.8973, 231.4934,  75.3463,
        277.4490, 169.9982, 189.5546, 177.3110, 194.0022, 189.4794, 199.5860,
        273.0512, 175.0532, 192.4985, 311.1411, 119.3802, 174.7277, 196.8894,
        299.8256, 280.2901, 115.4446, 179.3536,  74.8873, 181.4971, 115.1816,
        230.6473, 171.5937, 183.3284, 194.9633,  73.0976, 293.3285, 116.3476,
        173.0624, 191.8201, 117.8586, 237.3373])
tensor([230.7522, 266.6310, 245.8849, 267.1202, 270.3020, 264.3553, 105.1543,
        268.0564, 110.1571, 231.2940, 200.3775, 265.7011,  74.5359, 112.7007,
        263.6390, 175.7398, 105.5730, 278.4095, 265.5822, 177.9755, 237.0815,
        192.3149, 238.5354, 178.7303, 178.4001, 175.8973, 103.9074, 108.9425,
        277.4490, 169.9982, 189.5546, 177.3110, 106.8694, 110.6395, 111.4259,
        273.0512, 269.1213, 192.4985, 311.1411, 101.2578, 263.1844, 196.8894,
        103.5972, 265.0895, 115.4446, 179.3536, 104.4300, 278.2810, 115.1816,
        103.8265, 171.5937, 183.3284, 194.9633, 106.1802, 293.3285, 116.3476,
        270.1722, 191.8201, 268.1380, 109.5611])
tensor([191.1741, 266.6310, 245.8849, 267.1202, 177.0835, 264.3553, 105.1543,
        268.0564, 110.1571, 231.2940, 200.3775, 265.7011, 203.3023, 112.7007,
        170.7906, 173.3437, 204.3843, 278.4095, 168.3157, 177.9755, 237.0815,
        192.3149, 238.5354, 177.8679, 179.6802, 175.8973, 198.5146, 198.9835,
        176.0779, 169.9982, 196.0537, 176.1547, 198.5056, 110.6395, 203.2276,
        273.0512, 269.1213, 196.2459, 197.3143, 101.2578, 176.2479, 196.8894,
        201.1738, 179.9464, 115.4446, 180.5267, 104.4300, 278.2810, 115.1816,
        192.9070, 171.5937, 176.3771, 194.9633, 106.1802, 191.7065, 168.1759,
        173.1293, 195.1792, 170.7095, 193.7458])
tensor([209.8731, 266.6310, 224.8668, 267.1202, 177.0835, 264.3553, 105.1543,
        158.7640, 110.1571, 231.2940, 200.3775, 265.7011, 217.9160, 112.7007,
        170.7906, 173.3437, 204.3843, 278.4095, 159.4299, 159.9167, 218.0581,
        192.3149, 215.5585, 177.8679, 179.6802, 175.8973, 217.7281, 221.9313,
        176.0779, 158.6641, 196.0537, 176.1547, 218.4239, 223.8892, 227.6484,
        157.8823, 159.8745, 222.7259, 197.3143, 209.7053, 154.6901, 218.2501,
        218.1137, 179.9464, 158.3074, 180.5267, 209.5457, 161.6755, 115.1816,
        212.6822, 158.7860, 176.3771, 194.9633, 106.1802, 191.7065, 160.1614,
        160.7379, 221.5652, 170.7095, 222.7357])
tensor([ 24.9023,  26.3969,   0.0000,   0.0000,  37.0995,   0.0000,  33.0038,
         33.6964,  32.6569,   0.0000,   0.0000,   0.0000,   0.0000, 150.0572,
         24.2412,   0.0000, 153.8175,  34.3457,   0.0000,   0.0000,  30.3449,
          0.0000,   0.0000,   0.0000,  25.6685,   0.0000,   0.0000,  33.6867,
         35.5514,   0.0000,  32.9998,  34.6161,  33.6701,   0.0000,   0.0000,
          0.0000,  26.4516,   0.0000, 149.7640,  33.3577,   0.0000, 154.3387,
         34.5576,   0.0000,  25.7332,   0.0000,  24.6722,   0.0000,  25.5810,
         26.3642,   0.0000,  32.8656,   0.0000,   0.0000,  26.8886, 157.3879,
        149.9891,   0.0000,   0.0000,   0.0000])
tensor([ 32.8123,  33.0490,   0.0000,   0.0000,  37.0995,   0.0000,  29.6784,
         37.6318,  32.6569,   0.0000,   0.0000,  34.4051,   0.0000,  91.0066,
         32.7530,   0.0000, 153.8175,  34.3457,  39.1621,   0.0000,  30.3449,
         29.9592,  30.1640,   0.0000,  32.6841,   0.0000,  35.4643,  37.5768,
         38.1731,  38.2259,  32.9998,  29.6890,  33.6701,  30.1742,  30.4961,
         60.8143,  26.4516,   0.0000, 149.7640,  37.1680,   0.0000,  94.0089,
         30.2961,  89.7865,  32.4715,  38.8912,  32.6171,  60.5283,  32.9121,
         26.3642,  35.1053,  32.8656,   0.0000,   0.0000,  26.8886, 157.3879,
         90.2338,   0.0000,   0.0000,   0.0000])
tensor([ 32.8123,  33.0490,  40.0216,   0.0000,  37.0995,  35.6139,  35.4160,
         37.6318,  32.6569,   0.0000, 114.4705,  39.4207,  52.5015,  91.0066,
         32.7530,  40.6413, 117.3789,  34.3457,  53.0101,  39.8792,  30.3449,
         29.9592,  30.1640,  34.5362,  32.6841,  35.1870,  40.2164,  49.9796,
         50.4539,  38.2259,  34.1414,  34.7733,  47.0441,  30.1742,  30.4961,
         70.0481,  26.4516,  35.7374, 120.9564,  37.1680,   0.0000,  94.0089,
         35.5113,  89.7865,  32.4715,  52.3599,  38.2807,  70.0712,  32.9121,
         37.6203,  35.1053,  32.8656,   0.0000,  39.5883,  26.8886, 118.3129,
         90.2338, 111.9510,   0.0000,  34.1664])
tensor([ 40.5569,  41.8844,  43.0288,   0.0000,  37.0995,  35.6139,  35.4160,
         37.6318,  32.6569,   0.0000, 156.0810,  39.4207,  64.5340,  91.0066,
         39.9937,  40.6413, 117.3789,  34.3457,  53.0101,  42.4497,  30.3449,
         29.9592,  41.2143,  40.2710,  32.6841,  41.1163,  40.2164,  49.9796,
         50.4539,  61.3853,  40.2247,  41.0877,  58.3672,  40.5943,  41.8666,
         85.9609,  26.4516,  42.9362, 120.9564,  59.0061,   0.0000, 159.9925,
         42.1675,  89.7865,  39.6753,  64.8315,  40.3727,  70.0712,  41.0392,
         37.6203,  45.4121,  32.8656,   0.0000,  42.9055,  26.8886, 160.1419,
        155.1870, 111.9510,  43.9556,  34.1664])
tensor([ 49.2794,  41.8844,  43.0288,  50.6533,  37.0995,  35.6139,  35.4160,
         37.6318,  38.3639,   0.0000, 156.0810,  39.4207,  72.6245, 170.4464,
         48.3812,  40.6413, 117.3789,  40.0647,  53.0101,  42.4497,  30.3449,
         40.9160,  41.4417,  40.6108,  48.7548,  41.1163,  49.8099,  67.7701,
         50.4539,  61.3853,  40.6845,  41.5951,  66.1873,  40.9761,  41.8666,
         87.8182,  49.7990,  43.6717, 176.1620,  59.0061,  70.1031, 159.9925,
         42.3574,  89.7865,  39.6753,  64.8315,  49.2409,  86.6851,  41.0392,
         37.6203,  53.8823,  42.0717,  49.7493,  42.9055,  48.4232, 160.1419,
        155.1870, 165.6796,  43.9556,  34.1664])
tensor([ 38.4670,  38.7572,  37.8713,  50.6533,  49.9020,  69.3765,  35.4160,
         50.8638,  61.5005,   0.0000, 129.4471,  38.3496,  72.6245, 170.4464,
         37.2204,  38.7412, 123.3480,  62.1903,  52.0145,  42.4497,  30.3449,
         40.9160,  65.0371,  40.6108,  48.7548,  41.1163,  49.8099,  67.7701,
         51.6161,  61.3853,  40.6845,  41.5951,  51.2067,  40.9761,  41.8666,
        155.9926,  49.7990,  69.5055, 134.9949,  59.0061,  51.1356, 159.9925,
         42.3574, 119.1473,  39.6753,  54.4603,  49.2409,  86.6851,  41.0392,
         37.6203,  39.9119,  67.7516,  49.7493,  38.0923,  37.5483, 132.2437,
        155.1870, 128.6080,  38.7514,  34.1664])
tensor([ 38.4670,  64.0577,  37.8713,  50.6533,  90.4385,  69.3765,  30.6604,
         93.0090,  61.5005,   0.0000, 261.1873,  38.3496, 100.6753, 259.4171,
         63.1189,  38.7412, 247.2798,  29.5480,  99.4314,  60.6293,  27.9829,
         28.9702,  65.0371,  40.6108,  62.1699,  29.5415,  61.7129,  96.2673,
         51.6161,  97.4428,  29.2234,  29.7458,  93.7940,  29.0490,  30.9243,
        155.9926,  49.7990,  69.5055, 134.9949,  59.0061, 100.0747, 250.8096,
         30.7398, 119.1473,  60.2398, 100.9756,  62.8811,  86.6851,  41.0392,
         37.6203,  39.9119,  67.7516,  49.7493,  38.0923,  37.5483, 132.2437,
        155.1870, 128.6080,  38.7514,  34.1664])
tensor([ 38.4670,  55.7511,  51.6646,  52.8958,  92.5793,  69.3765,  30.6604,
         93.0090,  38.7923,   0.0000, 268.3793,  38.3496, 100.6753, 265.1215,
         52.8354,  38.7412, 247.2798,  29.5480,  99.4314,  52.6257,  39.1409,
         28.9702,  65.0371,  40.6108,  62.1699,  40.7324,  61.7129,  99.6333,
         94.6719,  97.4428,  29.2234,  29.7458,  96.0194,  40.3339,  40.9449,
        155.9926,  52.8280,  42.3991, 269.5590,  59.0061, 100.3825, 258.2072,
         30.7398, 235.8063,  51.1973, 104.3044,  53.2356,  77.3427,  41.0392,
         53.3389,  56.3372,  67.7516,  52.7061,  38.0923,  37.5483, 132.2437,
        238.4125, 128.6080,  38.7514,  34.1664])
tensor([ 70.9092,  55.7511,  68.7761,  52.8958,  93.2288,  69.3765,  36.2530,
         93.0090,  32.8172,   0.0000, 275.1630,  38.3496, 101.5745, 283.8142,
         52.8354,  38.7412, 251.0177,  29.5480,  99.4314,  69.1181,  39.1409,
         28.9702,  34.6009,  40.6108,  68.1972,  40.7324,  70.1892, 100.8366,
         94.6719,  99.6980,  35.0241,  35.5741,  95.6830,  40.3339,  40.9449,
         70.9912,  69.5655,  39.0511, 286.2878,  90.5776, 100.3825, 258.2072,
         30.7398, 235.8063,  51.1973, 102.5929,  71.1377,  73.8178,  66.1192,
         53.3389,  56.3372,  67.7516,  52.7061,  68.5517,  37.5483, 253.3569,
        238.4125, 128.6080,  73.0830,  34.1664])
tensor([ 70.9092,  58.8289,  55.2041,  52.8958,  86.9400,  69.3765,  59.3633,
         93.0090,  53.2708,   0.0000, 252.5242,  38.3496,  96.1013, 267.0088,
         52.8354,  54.9778, 251.0177,  54.1635,  90.4431,  69.1181,  52.8325,
         53.4382,  54.9444,  40.6108,  57.1006,  54.7661,  70.1892,  93.2087,
         94.6719,  99.6980,  35.0241,  54.8251,  88.9135,  40.3339,  55.1846,
        122.5643,  57.5355,  62.4000, 286.2878,  84.4523, 100.3825, 258.2072,
         56.7489, 235.8063,  51.1973, 102.5929,  71.1377,  73.8178,  66.1192,
         53.3389,  56.3372,  67.7516,  52.7061,  56.3269,  56.1368, 237.1366,
        238.4125, 219.7992,  58.8283,  34.1664])
tensor([ 70.9092,  58.8289,  46.6664,  52.8958,  69.9665,  69.3765,  91.2137,
         70.7978,  80.8475,  74.4604, 202.7374,  38.3496,  96.1013, 213.6683,
         52.8354,  46.2578, 183.6412,  80.7115,  72.2889,  69.1181,  78.0677,
         81.5787,  54.9444,  75.7186,  47.2019,  54.7661,  47.2852,  93.2087,
         94.6719,  99.6980,  35.0241,  81.6988,  71.3863,  40.3339,  83.5141,
        195.4530,  57.5355,  93.3191, 212.9847,  84.4523, 100.3825, 258.2072,
         56.7489, 235.8063,  51.1973, 102.5929,  71.1377, 189.0710,  45.4531,
         53.3389,  56.3372,  89.4703,  46.5324,  56.3269,  56.1368, 237.1366,
        177.7543, 219.7992,  49.8253,  74.8883])
tensor([ 49.3122,  58.8289,  47.7385,  52.8958,  83.8164,  79.6629,  80.6966,
         84.6582,  69.4287,  74.4604, 202.7374,  38.3496,  96.1013, 213.6683,
         46.3497,  46.2578, 183.6412,  69.5736,  86.5611,  69.1181,  78.0677,
         70.0352,  54.9444,  67.4497,  49.1149,  54.7661,  49.1785,  93.2087,
         94.6719,  82.5366,  35.0241,  81.6988,  84.5991,  40.3339,  71.2074,
        169.0160,  47.1916,  81.0145, 212.9847,  78.0758, 100.3825, 219.0101,
         56.7489, 235.8063,  44.9567, 102.5929,  49.0014, 163.0661,  47.9999,
         53.3389,  48.6393,  79.7236,  46.5324,  56.3269,  47.3897, 237.1366,
        177.7543, 212.0830,  49.8253,  74.8883])
tensor([ 87.0480,  81.7449,  83.6120,  52.8958,  83.8164,  79.6629,  75.1399,
         67.0270,  69.4287,  74.4604, 188.3136,  38.3496,  68.2579, 205.4971,
         46.3497,  85.2178, 176.6436,  69.5736,  66.2402,  69.1181,  60.3770,
         70.0352,  54.9444,  67.4497,  86.7106,  54.7661,  84.2499,  70.4461,
         61.6895,  82.5366,  59.0954,  81.6988,  84.5991,  40.3339,  65.6842,
        176.0481,  82.1122,  77.2727, 212.9847,  78.0758, 100.3825, 219.0101,
         56.7489, 158.6325,  80.4661, 102.5929,  49.0014, 163.0661,  84.8893,
         53.3389,  81.7373,  73.8429,  46.5324,  56.3269,  47.3897, 175.8628,
        167.2519, 174.3757,  85.6539,  74.8883])
tensor([ 87.0480,  81.7449,  69.4959,  52.8958, 137.1708,  79.6629,  75.1399,
        143.7238,  69.4287,  74.4604, 188.3136,  67.5378, 142.9370, 387.8515,
         46.3497,  70.2197, 351.0234,  69.5736, 148.0521,  68.0300,  24.5689,
         70.0352,  24.5720,  24.5466,  86.7106,  25.0304,  84.2499,  70.4461,
        133.6235, 138.3706,  25.7476,  81.6988,  84.5991,  40.3339,  28.2607,
        176.0481,  82.1122,  77.2727, 385.7158, 129.5219, 100.3825, 345.6300,
         56.7489, 339.3942,  64.6846, 102.5929,  71.0676, 163.0661,  84.8893,
         53.3389,  72.5910,  73.8429,  69.0401,  67.9007,  47.3897, 353.7803,
        343.2151, 174.3757,  85.6539,  20.6086])
tensor([ 87.0480,  69.1286,  69.9184,  52.8958, 137.1708,  30.5919,  30.4691,
        143.7238,  69.4287,  74.4604, 188.3136,  67.7875, 142.9370, 387.8515,
         66.2672,  70.0437, 351.0234,  27.0621, 148.0521,  67.5466,  27.4277,
         26.1145,  24.5720,  24.5466,  68.0867,  27.7640,  84.2499,  70.4461,
        133.3007, 138.3706,  25.7476,  81.6988,  84.5991,  40.3339,  30.7835,
         50.4859,  67.7495,  31.3656, 385.7158, 129.5219, 139.8737, 354.4401,
         56.7489, 339.3942,  64.6846, 141.2505,  71.6071,  51.8379,  67.2683,
         66.8062,  72.9619,  73.8429,  68.8291,  67.0290,  67.3708, 353.7803,
        343.2151, 340.6207,  85.6539,  20.6086])
tensor([ 86.4300,  81.8179,  69.9184,  52.8958,  44.0066,  30.5919,  89.2350,
        143.7238,  69.4287,  67.3454, 188.3136,  84.5774, 142.9370, 387.8515,
         66.2672,  70.0437, 351.0234,  68.4151,  45.1898,  84.3588,  70.0127,
         26.1145,  68.2450,  24.5466,  68.0867,  27.7640,  84.2499,  70.4461,
        133.3007, 138.3706,  70.5127,  67.2980,  44.3245,  40.3339,  30.7835,
        201.7052,  67.7495,  88.5061, 385.7158,  44.5296,  44.9759, 122.5502,
         69.5052, 119.3735,  81.1708,  47.3945,  88.4136,  51.8379,  87.0946,
         66.8062,  82.4294,  73.8429,  85.1628,  67.0290,  83.4281, 125.2161,
        122.1732, 340.6207,  85.6539,  20.6086])
tensor([ 72.6396,  81.8179,  67.5301,  62.6188,  88.6286,  30.5919,  89.2350,
        143.7238,  69.4287,  68.1936, 244.7515,  70.1028,  95.1765, 269.2807,
         66.2672,  71.5306, 239.5891,  68.4151,  45.1898,  68.1971,  72.3062,
         26.1145,  68.2450,  24.5466,  68.0867,  27.7640,  84.2499,  92.7525,
         87.6689,  92.9728,  70.5127,  67.2980,  44.3245,  40.3339,  78.5313,
        176.7972,  67.6792,  88.5061, 266.7283,  86.5733,  44.9759, 122.5502,
         69.5052, 239.4942,  64.4780,  47.3945,  72.9673, 165.0048,  87.0946,
         65.4396,  71.2653,  73.8429,  85.1628,  67.0290,  83.4281, 125.2161,
        243.4594, 241.6970,  70.0093,  20.6086])
tensor([ 92.5967,  85.3129,  67.5301,  79.4974,  88.6286,  31.9783,  89.2350,
        143.7238,  22.3943,  68.1936, 350.6009,  86.5908,  95.1765, 269.2807,
         85.5230,  71.5306, 339.2055,  26.0265,  45.1898,  68.1971,  72.3062,
         23.9775,  25.8463,  24.5466,  68.0867,  25.3311,  85.5897,  92.7525,
         87.6689,  92.9728,  70.5127,  26.7343,  44.3245,  40.3339,  29.5769,
        176.7972,  85.1761,  33.4242, 378.2274,  86.5733,  44.9759, 346.1549,
         26.4959, 239.4942,  83.0182, 136.3891,  72.9673,  59.5415,  87.0946,
         65.4396,  89.7005,  73.8429,  85.1628,  81.8770,  85.6527, 339.2795,
        340.1392, 241.6970,  70.0093,  22.1001])
tensor([ 92.5967,  85.3129,  67.5301,  52.7405,  88.9113,  31.9783,  89.2350,
        143.7238,  22.3943,  74.6410, 257.6055,  86.5908,  95.1765, 276.6420,
         56.9576,  58.4628, 339.2055,  78.4316,  45.1898,  58.6371,  78.9701,
         78.0875,  25.8463,  75.0951,  68.0867,  25.3311,  58.4781,  92.7525,
         84.7548,  92.9728,  78.3648,  78.0886,  83.9467,  70.1796,  29.5769,
        177.5509,  54.6785,  33.4242, 378.2274,  84.4971,  87.4891, 252.3261,
         26.4959, 244.1777,  83.0182,  93.1876,  62.9805,  59.5415,  87.0946,
         65.4396,  89.7005,  93.1924,  85.1628,  81.8770,  56.8160, 339.2795,
        340.1392, 242.8850,  55.2061,  22.1001])
tensor([ 92.5967,  85.3129,  67.5301,  66.3355,  88.9113,  61.8908,  89.2350,
        124.3625,  22.3943,  49.3913, 345.1542,  71.9618,  95.1765, 362.0547,
         56.9576,  58.4628, 320.8055,  48.8426,  45.1898,  70.4026,  78.9701,
         78.0875,  48.7210,  49.5589,  66.7482,  47.3266,  58.4781, 127.4209,
         84.7548, 126.9973,  78.3648,  50.6690, 121.0257,  70.1796,  29.5769,
        113.4099,  70.9620,  33.4242, 360.8458,  84.4971,  87.4891, 252.3261,
         26.4959, 328.6484,  65.9079,  93.1876,  62.9805, 109.7886,  87.0946,
         67.1234,  89.7005,  93.1924,  71.2210,  67.2678,  70.8999, 339.2795,
        340.1392, 325.4944,  55.2061,  43.2603])
tensor([ 92.5967,  85.3129,  60.4696,  66.3355,  88.9113, 104.4037, 103.6504,
         93.0630,  77.5429,  49.3913, 272.8758,  71.9618,  95.1765, 291.7398,
         56.9576,  66.6039, 258.8531,  84.4137,  45.1898,  70.4026,  80.9584,
         78.0875,  48.7210,  49.5589,  61.6577,  80.7119,  58.4781,  96.3723,
         88.1635, 126.9973,  78.3648,  83.5620,  89.1480,  72.6665,  29.5769,
        113.4099,  70.9620,  33.4242, 360.8458,  86.7284,  93.3567, 252.3261,
         77.6352, 258.8371,  60.6524,  93.1876,  72.0167, 195.2744,  63.7436,
         61.4526,  89.7005, 102.3600,  71.2210,  67.2678,  70.8999, 339.2795,
        249.1329, 325.4944,  55.2061,  74.8266])
tensor([ 60.5467,  54.4361,  60.4696,  66.3355,  88.9113, 104.4037, 103.6504,
        127.5223,  77.5429,  69.6007, 272.8758,  57.7060, 120.6616, 349.9492,
         56.9576,  58.1723, 318.0951,  69.7463, 138.8517,  56.0709,  80.9584,
         78.0875,  48.7210,  49.5589,  55.2572,  80.7119,  56.8231,  96.3723,
        118.3186, 126.9973,  78.3648,  83.5620,  89.1480,  63.1585,  70.4075,
        164.0912,  70.9620,  93.7999, 348.1022,  86.7284, 122.4273, 252.3261,
         66.8038, 325.7594,  60.6524,  93.1876,  72.0167, 165.2191,  63.7436,
         55.7260,  55.0985, 102.3600,  58.6287,  53.7432,  57.9430, 339.2795,
        249.1329, 325.4944,  55.2061,  64.4262])
tensor([119.0876, 108.6529,  60.4696,  66.3355,  83.2365, 104.4037,  70.3695,
         94.4605,  47.9002,  69.6007, 271.9943,  57.7060, 120.6616, 305.3088,
         56.9576,  58.1723, 272.3264,  69.7463, 104.7294,  56.0709,  80.9584,
         78.0875,  49.7224,  54.2277, 113.4458,  80.7119, 116.4942,  96.3723,
         86.6466, 126.9973,  78.3648,  53.7101,  85.6062,  63.1585,  56.0050,
        150.3026, 105.6568,  93.7999, 348.1022,  86.7284, 122.4273, 252.3261,
         52.3878, 267.7570,  60.6524,  94.7729, 121.1456, 153.7096, 114.8653,
         55.7260, 107.5867,  69.4907,  58.6287, 107.9490,  57.9430, 339.2795,
        249.1329, 253.5774,  55.2061,  64.4262])
tensor([ 61.0448, 108.6529,  60.4696,  66.3355,  83.2365, 104.4037,  70.3695,
        126.8458,  47.9002,  69.6007, 271.9943,  57.7060, 122.8094, 347.3137,
         56.9576,  58.1723, 272.3264,  75.0749, 104.7294,  55.6478,  73.0311,
         71.6891,  76.0507,  54.2277,  54.1488,  71.7386, 116.4942, 128.6202,
        120.8380, 119.5736,  78.3648,  78.5394, 119.4841,  69.8022,  80.6638,
        150.3026,  54.2419, 106.0072, 348.1022,  86.7284, 122.4273, 252.3261,
         52.3878, 329.2345,  60.6524, 122.9664, 121.1456, 153.7096,  54.5974,
         52.6050,  54.7976, 100.5336,  58.6287,  53.7697,  55.7232, 339.2795,
        289.8346, 253.5774,  51.6168,  64.4262])
tensor([101.3441,  84.7842,  60.4696,  66.3355, 123.7943, 104.4037,  70.3695,
        126.8458,  47.9002,  69.6007, 350.1451,  57.7060, 139.3838, 347.3137,
         56.9576,  93.1386, 272.3264,  75.0749, 156.2311,  94.9314,  73.0311,
         46.7045,  76.0507,  48.8178,  91.9476,  49.7911,  93.1070, 143.9665,
        130.2989, 131.4113,  78.3648,  51.1473, 119.4841,  45.9100,  80.6638,
        150.3026,  54.2419,  69.0639, 383.3956, 118.1457, 122.4273, 252.3261,
         47.6338, 329.2345,  76.7103, 140.8656, 101.0701, 122.6929,  54.5974,
         52.6050,  54.7976,  64.8345,  58.6287,  89.4215,  55.7232, 316.0052,
        336.7671, 253.5774,  51.6168,  64.4262])
tensor([ 87.7190,  84.7842,  62.8817,  66.3355, 123.8661, 104.4037,  87.4942,
        126.8458,  47.9002,  68.0830, 349.0307,  69.2713, 139.3838, 347.3137,
         56.9576,  93.1386, 330.2495,  65.3511, 156.2311,  80.1717,  73.0311,
         46.7045,  66.9639,  69.0057,  91.9476,  65.9804,  80.2439, 143.9665,
        130.2989, 128.7376,  78.3648,  70.8327, 124.1656,  45.9100,  70.3560,
        150.3026,  54.2419,  69.0639, 371.0088, 117.0693, 127.2882, 252.3261,
         47.6338, 351.0725,  76.7103, 141.5893, 101.0701, 122.6929,  54.5974,
         68.0397,  70.0535,  87.3598,  58.6287,  73.4674,  55.7232, 316.0052,
        332.7085, 253.5774,  67.9673,  58.3332])
tensor([ 87.7190,  81.0554,  62.8817,  66.3355, 131.8661,  73.7172,  87.4942,
        126.8458,  47.9002,  68.0830, 377.4677,  69.2713, 139.3838, 397.9344,
         56.9576,  87.4955, 363.9054,  57.7356, 156.2311,  95.5502,  73.0311,
         51.7223,  54.3622,  59.1612,  91.9476,  57.3213,  80.2439, 145.5080,
        132.5597, 143.9268,  78.3648,  70.8327, 132.5224,  50.8809,  59.5201,
        150.3026,  54.2419,  75.6155, 396.5718, 117.0693, 143.0332, 252.3261,
         52.8733, 374.9016,  73.0812, 148.8099, 101.0701, 126.2225,  54.5974,
         68.0397,  70.0535,  73.1783,  58.6287,  73.4674,  55.7232, 334.9447,
        332.7085, 337.0625,  67.9673,  58.3332])
tensor([ 87.7190,  45.2039,  62.8817,  36.3940, 131.8661,  73.7172,  87.4942,
        126.8458,  47.9002,  68.0830, 328.2841,  44.7258, 139.3838, 397.9344,
         44.3489,  48.2936, 316.2187,  95.0871, 156.2311,  49.6344,  88.5659,
         91.5723,  96.0065,  59.1612,  91.9476,  95.3655,  80.2439, 126.2771,
        132.5597, 124.6180,  84.1304,  70.8327, 132.5224,  50.8809,  59.5201,
        212.3147,  54.2419,  75.6155, 396.5718, 107.5276, 123.2515, 284.3799,
         52.8733, 334.0671,  73.0812, 124.4748,  50.1690, 224.7645,  47.3988,
         68.0397,  70.0535, 121.6744,  43.2667,  44.1423,  55.7232, 334.9447,
        332.7085, 337.0625,  43.9119,  85.9708])
tensor([ 87.7190,  45.2039,  82.3803,  36.3940, 101.1350,  73.7172,  87.4942,
        109.9032,  62.5006,  67.6168, 303.8011,  44.7258, 114.2014, 319.8955,
         44.3489, 107.4359, 297.3866,  70.8448, 156.2311, 111.5132,  88.5659,
         91.5723,  96.0065,  68.2035,  91.9476,  71.0555,  80.2439, 126.2771,
        101.9594, 118.5954,  84.1304,  70.8327, 132.5224,  63.2476,  59.5201,
        212.3147,  83.8874,  93.3494, 316.9466, 107.5276, 117.9570, 284.3799,
         52.8733, 334.0671,  73.0812, 124.4748, 113.1373, 224.7645, 101.4787,
         83.1963,  90.5089,  88.7445,  97.1181,  99.4203,  55.7232, 334.9447,
        332.7085, 269.5066,  90.3742,  85.9708])
tensor([ 87.7190, 101.0121,  94.3093,  89.5107, 101.1350,  73.7172,  38.9499,
        154.0955,  62.5006,  67.6168, 303.8011, 101.7683, 159.1336, 428.9406,
        100.6278, 107.4359, 297.3866,  32.1697, 156.2311, 111.5132,  27.2033,
         28.0853,  96.0065,  68.2035,  91.9476,  31.6758,  80.2439, 126.2771,
        144.5132, 118.5954,  84.1304,  30.4818, 132.5224,  29.8949,  59.5201,
         67.7692,  83.8874,  93.3494, 427.7935, 136.7158, 117.9570, 358.7976,
         52.8733, 393.5282,  92.4788, 124.4748, 113.1373, 224.7645, 113.0995,
         83.1963,  90.5089,  88.7445, 105.3099, 108.0947, 103.7703, 355.6760,
        332.7085, 376.1292, 103.1884,  24.7711])
tensor([112.1270, 101.0121,  95.8241,  89.5107, 101.1350,  76.4487,  38.9499,
        119.7938,  62.5006,  67.6168, 327.1414, 101.7683, 123.0713, 360.7325,
        103.9774, 114.0112, 321.3065,  32.1697, 133.9233, 111.5132,  53.2561,
         56.1336,  96.0065,  68.2035,  96.7831,  62.2843,  80.2439, 126.2771,
        115.0877, 122.4515,  48.8851,  57.5849, 132.5224,  29.8949,  59.5201,
        143.0046,  83.8874,  77.7755, 358.8019, 136.7158, 122.8274, 358.7976,
         52.8733, 393.5282,  92.4788, 124.0402, 113.1373, 224.7645, 112.4943,
         95.7501,  95.2808,  81.3622, 109.6862, 108.0947, 107.8705, 355.6760,
        332.7085, 376.1292, 103.1884,  24.7711])
tensor([ 84.6843,  73.1825,  70.0850,  63.7768, 101.1350, 102.1802,  38.9499,
        137.8490,  66.3919,  75.3448, 327.1414, 101.7683, 123.0713, 385.0531,
        103.9774, 114.0112, 348.7127,  76.4295, 133.9233,  78.1955,  53.2561,
         56.1336,  96.0065,  68.2035,  72.4233,  62.2843,  80.2439, 126.2771,
        115.0877, 143.1728,  48.8851,  57.5849, 132.5224,  70.2746,  75.1576,
        143.0046,  68.4291,  77.7755, 382.6568, 136.7158, 122.8274, 311.7122,
         69.8339, 346.6622,  92.4788, 124.0402, 113.1373, 181.8738,  86.7128,
         95.7501,  75.2189, 106.0315,  81.6555, 108.0947, 107.8705, 312.6796,
        312.2629, 325.8923,  73.3858,  24.7711])
tensor([ 84.6843,  94.5413,  70.0850,  84.6841, 101.1350,  79.7345,  38.9499,
        137.8490,  50.7581,  75.3448, 327.1414,  94.9129, 149.0708, 385.0531,
        103.9774, 106.9078, 378.6741,  60.7623, 133.9233,  78.1955,  53.2561,
         56.2375,  53.2073,  68.2035,  92.3264,  62.2843,  80.2439, 149.0869,
        138.0867, 143.1728,  48.8851,  57.0014, 132.5224,  54.1679,  75.1576,
        133.7049,  68.4291,  80.2524, 412.8078, 136.7158, 151.3045, 348.4653,
         53.3268, 378.9228,  80.0958, 150.3210, 113.1373, 132.1529,  86.7128,
         85.5629,  75.2189, 106.0315, 104.5998, 108.0947, 107.8705, 352.4276,
        312.2629, 325.8923,  92.8074,  24.7711])
tensor([ 84.6843,  94.5413,  51.7223,  52.6002,  74.1468, 172.0527, 165.8361,
        137.8490,  50.7581, 123.4639, 223.1178,  61.7625,  91.3062, 254.4887,
        103.9774, 106.9078, 231.7099, 126.9503, 133.9233,  78.1955,  53.2561,
         56.2375,  53.2073, 124.5510,  92.3264,  62.2843,  59.8343,  89.9177,
        138.0867, 143.1728, 110.8417,  57.0014,  74.6163,  54.1679, 122.6445,
        321.2574,  68.4291,  80.2524, 412.8078,  71.9816, 151.3045, 212.0870,
        120.1684, 232.3132,  80.0958,  93.2873,  64.8488, 324.8009,  86.7128,
         85.5629,  75.2189, 106.0315,  64.8426, 108.0947,  62.7816, 352.4276,
        205.0865, 325.8923,  57.6038,  24.7711])
tensor([ 84.6843,  77.3185,  70.7344,  72.7995,  74.1468,  51.1084, 165.8361,
        183.1442,  35.4807, 123.4639, 223.1178,  61.7625,  91.3062, 254.4887,
        103.9774, 106.9078, 439.2672,  40.5986, 133.9233,  77.4579,  33.7582,
         56.2375,  53.2073, 124.5510,  73.8777,  39.1794,  59.8343, 186.4978,
        171.8785, 143.1728, 110.8417,  57.0014,  74.6163,  38.4731,  39.0396,
        321.2574,  69.1650,  80.2524, 459.5514,  71.9816, 151.3045, 212.0870,
         38.9254, 441.3394,  65.7930, 192.1224,  64.8488,  92.4303,  80.4357,
         85.5629,  75.2189, 106.0315,  64.8426,  73.9991,  83.5377, 410.3567,
        410.4873, 325.8923,  80.7474,  31.2687])
tensor([ 84.6843, 113.5191,  70.7344,  72.7995,  74.1468,  51.1084, 105.6573,
        183.1442,  68.7630, 123.4639, 270.9117,  61.7625, 106.7679, 307.5135,
        103.9774, 124.6849, 439.2672,  40.5986, 110.1684, 121.4068,  33.7582,
         75.1090,  53.2073,  80.2060,  73.8777,  77.7929,  59.8343, 105.3721,
         93.0520, 143.1728,  69.1582,  57.0014,  84.2481,  76.4767,  80.4057,
        200.4084,  69.1650, 117.9872, 459.5514,  71.9816,  97.9170, 257.7599,
         38.9254, 282.0198,  65.7930, 192.1224, 123.9927,  92.4303, 124.2031,
         85.5629, 104.6621, 106.0315, 127.6568, 110.3577,  83.5377, 261.6425,
        410.4873, 254.5201,  80.7474,  31.2687])
tensor([ 74.9833, 113.5191,  63.3597,  72.7995, 155.1710,  51.1084,  70.5703,
        180.1448,  49.5313,  54.7367, 270.9117,  61.7625, 106.7679, 307.5135,
         67.4389, 124.6849, 439.2672,  55.2684, 110.1684,  72.2109,  48.1033,
         75.1090,  48.5418,  80.2060,  73.8777,  77.7929,  70.6798, 105.3721,
         93.0520, 143.1728,  69.1582,  57.0014, 158.2166,  54.0831,  55.3364,
        200.4084,  62.1667,  76.6610, 459.5514,  71.9816, 175.7609, 406.6986,
         38.9254, 282.0198,  59.9661, 192.1224, 123.9927, 127.7396,  77.1303,
         63.6746,  68.3812, 106.0315,  77.7804, 110.3577,  83.5377, 407.6625,
        397.2628, 254.5201,  72.3335,  44.6582])
tensor([ 74.9833,  90.0513,  63.3597,  82.4533,  64.8510, 161.5926,  70.5703,
        180.1448, 110.9246,  54.7367, 213.4726,  61.7625, 106.7679, 307.5135,
         67.4389, 104.6610, 215.7155, 118.4221, 110.1684, 105.0773,  48.1033,
        112.1821,  48.5418, 121.8416,  86.4331, 113.6818,  70.6798, 105.3721,
         93.0520,  76.9135, 104.3407, 110.6728,  69.0232, 116.7553, 122.0404,
        200.4084,  79.3674, 164.5494, 459.5514,  71.9816,  77.3115, 207.7241,
         38.9254, 282.0198,  59.9661,  82.2582, 123.9927, 300.8001,  77.1303,
         63.6746,  85.1923, 106.0315, 103.9706, 110.3577,  83.5377, 407.6625,
        207.9005, 205.9965,  72.3335,  44.6582])
tensor([ 74.9833,  84.7044,  63.3597,  75.9811, 139.4533, 109.5193,  93.6414,
        156.3903,  72.9407,  54.7367, 213.4726,  81.9496, 106.7679, 404.1401,
         80.0750, 104.6610, 387.5970,  79.7196, 168.3284, 105.0773,  48.1033,
        112.1821,  48.5418, 121.8416,  86.4331, 113.6818,  88.0750, 159.0246,
         93.0520,  76.9135, 104.3407, 110.6728, 143.8076,  74.8226,  78.0094,
        200.4084,  78.0596, 164.5494, 459.5514, 126.8492, 162.4594, 207.7241,
         68.3251, 380.0781,  59.9661,  82.2582,  87.4898, 185.2993,  77.1303,
         74.7338,  85.1923, 106.0315, 103.9706,  78.6345,  83.5377, 407.6625,
        377.3721, 205.9965,  83.7241,  63.8053])
tensor([107.5884,  84.7044,  63.3597,  75.9811, 151.0666, 109.5193,  93.6414,
        156.3903,  72.9407,  54.7367, 213.4726,  81.9496, 166.1147, 404.1401,
         99.3071, 107.7806, 403.4554,  79.7196, 183.5845, 105.0773,  48.1033,
        112.1821,  48.5418,  60.3454,  93.2205, 113.6818, 107.5785, 171.7808,
        150.0082,  76.9135,  50.1525,  55.0962, 152.7535,  74.8226,  64.3289,
        200.4084,  78.0596,  93.8204, 412.5302, 126.8492, 172.7822, 207.7241,
         53.3054, 404.3274,  59.9661, 168.1699,  87.4898, 185.2993,  77.1303,
         91.9689,  85.1923,  77.2926, 103.9706,  78.6345, 106.0240, 372.6889,
        392.1968, 373.5935,  99.1177,  48.5349])
tensor([ 93.5913,  84.7044,  74.2986,  75.9811, 151.0666, 109.5193,  93.6414,
        205.1861,  72.9407,  54.7367, 213.4726,  81.9496, 203.9149, 404.1401,
         99.3071, 107.7806, 403.4554,  79.7196, 221.3068,  93.6937,  34.2866,
        112.1821,  33.3645,  60.3454,  93.2205, 113.6818,  92.9752, 207.9372,
        150.0082, 203.7871,  50.1525,  55.0962, 189.2328,  41.3870,  46.2692,
         87.1861,  79.9435,  66.8666, 412.5302, 171.7054, 206.9471, 439.5086,
         37.6512, 404.3274,  72.0603, 168.1699,  92.3445, 105.4623,  77.1303,
         81.9660,  81.8237,  77.2926, 103.9706,  78.6345, 106.0240, 446.2092,
        454.8047, 441.9968,  99.1177,  33.4720])
tensor([25.0926, 17.9969,  0.0000,  0.0000, 23.9253,  0.0000, 26.7190, 21.5969,
        25.5781,  0.0000,  0.0000,  0.0000,  0.0000, 91.1799, 24.1875,  0.0000,
        18.1141, 25.3289,  0.0000,  0.0000, 18.1977,  0.0000,  0.0000,  0.0000,
        22.8196,  0.0000,  0.0000, 24.6206, 25.9012,  0.0000, 24.1843, 26.4630,
        26.2443,  0.0000,  0.0000,  0.0000, 27.1833,  0.0000, 25.9142, 17.2361,
         0.0000, 26.8077, 22.2280,  0.0000, 19.2967,  0.0000, 18.7268,  0.0000,
        19.0521, 23.6239,  0.0000, 25.0226,  0.0000,  0.0000, 17.9498, 86.2662,
        22.9249,  0.0000,  0.0000,  0.0000])
tensor([31.2230, 20.9800,  0.0000,  0.0000, 23.9253,  0.0000, 25.2240, 25.3316,
        25.5781,  0.0000,  0.0000, 25.2847,  0.0000, 71.5520, 25.0090,  0.0000,
        18.1141, 25.3289, 31.2575,  0.0000, 18.1977, 25.9952, 25.9350,  0.0000,
        26.1387,  0.0000, 25.7202, 30.9207, 25.5091, 25.5885, 24.1843, 25.7387,
        26.2443, 20.2819, 20.3815, 25.1966, 27.1833,  0.0000, 25.9142, 21.5122,
         0.0000, 25.7112, 25.2701, 20.6305, 21.0737, 67.9486, 21.2380, 32.4566,
        21.0039, 23.6239, 26.4667, 25.0226,  0.0000,  0.0000, 17.9498, 86.2662,
        25.3463,  0.0000,  0.0000,  0.0000])
tensor([31.2230, 20.9800, 56.0651,  0.0000, 23.9253, 23.0644, 27.3774, 25.3316,
        25.5781,  0.0000, 26.4902, 28.3066, 33.9198, 71.5520, 25.0090, 23.0153,
        23.7459, 25.3289, 34.0398, 55.2346, 18.1977, 25.9952, 25.9350, 27.5126,
        26.1387, 28.2037, 27.8426, 34.8569, 28.2434, 25.5885, 33.7325, 27.9121,
        28.1084, 20.2819, 20.3815, 28.0875, 27.1833, 28.6557, 26.8831, 21.5122,
         0.0000, 25.7112, 29.0731, 20.6305, 21.0737, 72.5966, 24.4609, 35.0527,
        21.0039, 34.3321, 26.4667, 25.0226,  0.0000, 26.8839, 17.9498, 70.8471,
        25.3463, 28.3505,  0.0000, 29.2523])
tensor([44.3423, 20.3591, 76.0104,  0.0000, 23.9253, 23.0644, 27.3774, 25.3316,
        25.5781,  0.0000, 25.3236, 28.3066, 43.6098, 71.5520, 25.4344, 23.0153,
        23.7459, 25.3289, 34.0398, 74.2139, 18.1977, 25.9952, 38.0855, 25.7894,
        26.1387, 36.9061, 27.8426, 34.8569, 28.2434, 38.2135, 43.7020, 26.7501,
        26.4733, 18.9798, 19.7825, 37.3019, 27.1833, 37.8864, 26.8831, 20.6840,
         0.0000, 26.3272, 38.3276, 20.6305, 20.5764, 99.5709, 20.6814, 35.0527,
        20.5115, 34.3321, 27.0221, 25.0226,  0.0000, 24.5637, 17.9498, 97.4341,
        37.4967, 28.3505, 25.4357, 29.2523])
tensor([37.8591, 20.3591, 76.0104, 25.9785, 23.9253, 23.0644, 27.3774, 25.3316,
        35.1465,  0.0000, 25.3236, 28.3066, 37.2737, 83.2007, 32.6884, 23.0153,
        23.7459, 34.8659, 34.0398, 74.2139, 18.1977, 33.4551, 39.6243, 33.3376,
        39.1649, 36.9061, 33.0890, 36.6762, 28.2434, 38.2135, 36.5926, 34.0993,
        34.0362, 25.4629, 19.7825, 38.7458, 33.2676, 39.7810, 32.1975, 20.6840,
        25.4177, 26.3272, 39.4245, 20.6305, 20.5764, 99.5709, 28.1613, 37.1926,
        20.5115, 34.3321, 34.9711, 34.7878, 79.4350, 24.5637, 25.9231, 97.4341,
        37.4967, 38.2704, 25.4357, 29.2523])
tensor([ 48.9642,  22.3227,  84.9282,  25.9785,  45.3941,  22.4030,  27.3774,
         39.7374,  46.0677,   0.0000,  33.5163,  39.0614,  37.2737,  83.2007,
         35.0826,  21.3444,  22.1310,  45.9634,  45.1389,  74.2139,  18.1977,
         33.4551,  41.7340,  33.3376,  39.1649,  36.9061,  33.0890,  36.6762,
         34.8380,  38.2135,  36.5926,  34.0993,  35.9618,  25.4629,  19.7825,
         40.4132,  33.2676,  41.6510,  34.2508,  20.6840,  21.9960,  26.3272,
         39.4245,  22.4389,  20.5764, 104.3194,  28.1613,  37.1926,  20.5115,
         34.3321,  37.6660,  45.4555,  79.4350,  33.7574,  20.8426, 103.6206,
         37.4967,  39.8855,  33.9604,  29.2523])
tensor([ 48.9642,  30.0315,  84.9282,  25.9785,  44.7360,  22.4030,  35.2869,
         39.2289,  46.0677,   0.0000,  34.5295,  39.0614,  46.8408, 110.4740,
         36.6552,  21.3444,  29.0226,  45.7169,  46.3357,  83.5887,  28.5578,
         36.3271,  41.7340,  33.3376,  41.0885,  37.6684,  35.8454,  46.1314,
         34.8380,  39.3162,  45.9054,  37.1820,  38.4567,  28.3035,  26.9888,
         40.4132,  33.2676,  41.6510,  34.2508,  20.6840,  29.2162,  36.6973,
         40.7968,  22.4389,  29.1147, 117.2670,  29.9870,  37.1926,  20.5115,
         34.3321,  37.6660,  45.4555,  79.4350,  33.7574,  20.8426, 103.6206,
         37.4967,  39.8855,  33.9604,  29.2523])
tensor([ 48.9642,  34.4213,  82.5828,  32.5497,  49.1095,  22.4030,  35.2869,
         39.2289,  47.7092,   0.0000,  36.4021,  39.0614,  46.8408, 121.7631,
         37.9457,  21.3444,  29.0226,  45.7169,  46.3357,  81.8923,  32.1484,
         36.3271,  41.7340,  33.3376,  41.0885,  34.8457,  35.8454,  48.3338,
         36.9243,  39.3162,  45.9054,  37.1820,  38.9073,  33.8201,  32.5249,
         40.4132,  35.2935,  37.1149,  36.1532,  20.6840,  35.0612,  37.5821,
         40.7968,  32.6776,  34.3577, 128.5129,  34.4889,  48.2266,  20.5115,
         47.0784,  38.9990,  45.4555,  76.0841,  33.7574,  20.8426, 103.6206,
         34.4536,  39.8855,  33.9604,  29.2523])
tensor([ 47.0965,  34.4213, 125.7041,  32.5497,  45.5267,  22.4030,  32.3886,
         39.2289,  45.0205,   0.0000,  32.3529,  39.0614,  46.6292, 123.9071,
         37.9457,  21.3444,  32.6806,  45.7169,  46.3357, 123.0028,  32.1484,
         36.3271,  50.5331,  33.3376,  49.8862,  34.8457,  32.4962,  46.9808,
         36.9243,  48.8087,  45.3657,  33.5295,  35.7293,  33.8201,  32.5249,
         49.0911,  33.3965,  51.6384,  32.9951,  31.8229,  35.0612,  37.5821,
         40.7968,  32.6776,  34.3577, 131.2047,  34.5194,  45.8264,  31.5112,
         47.0784,  38.9990,  45.4555,  76.0841,  31.1874,  20.8426, 113.8579,
         34.4536,  39.8855,  31.2599,  29.2523])
tensor([ 47.0965,  17.3440, 123.5100,  32.5497,  76.3591,  22.4030,  29.5055,
         39.2289,  74.9399,   0.0000,  31.1077,  39.0614,  74.3531, 191.2880,
         37.9457,  15.1384,  32.6806,  71.3875,  71.9374, 123.0028,  16.0520,
         29.3842,  50.6962,  33.3376,  51.9915,  47.3173,  32.4962,  76.3382,
         36.9243,  48.8087,  45.3657,  30.5272,  32.5749,  33.8201,  16.1118,
         48.1419,  29.7291,  51.8980,  32.9951,  15.8472,  35.0612,  37.5821,
         49.3232,  32.6776,  34.3577, 131.2047,  34.5194,  45.8264,  31.5112,
         47.0784,  38.9990,  45.4555,  76.0841,  27.7368,  14.9194, 181.7670,
         34.4536,  48.2781,  28.9197,  29.2523])
tensor([ 47.0965,  17.3440, 127.6341,  32.5497,  44.8495,  22.4030,  51.5526,
         42.5941,  44.9805,  38.8632,  51.6687,  39.0614,  74.3531, 131.4810,
         37.9457,  27.0808,  28.0094,  42.7178,  43.6137, 123.0028,  28.3665,
         50.4356,  50.6962,  45.5896,  47.4003,  47.3173,  49.4560,  76.3382,
         36.9243,  48.8087,  45.3657,  52.6255,  56.5698,  33.8201,  27.8631,
         46.0462,  29.7291,  48.2371,  49.7343,  15.8472,  35.0612,  37.5821,
         49.3232,  32.6776,  34.3577, 131.2047,  34.5194,  43.9041,  26.8481,
         47.0784,  38.9990,  40.8474, 100.9251,  27.7368,  14.9194, 181.7670,
         41.8222,  48.2781,  49.3773,  43.7492])
tensor([ 53.6116,  17.3440, 177.4381,  32.5497,  55.6997,  22.4379,  37.8511,
         59.2247,  55.8928,  38.8632,  51.6687,  39.0614,  74.3531, 131.4810,
         35.1740,  27.0808,  28.0094,  52.2665,  54.3629, 123.0028,  28.3665,
         37.3293,  50.6962,  34.8059,  66.6084,  47.3173,  36.7383,  76.3382,
         36.9243,  61.0185,  45.3657,  52.6255,  40.7509,  33.8201,  24.6231,
         65.5622,  36.8334,  68.1794,  49.7343,  23.5820,  35.0612,  35.5351,
         49.3232,  32.6776,  23.9666, 131.2047,  24.1041,  54.1671,  23.8556,
         47.0784,  36.9021,  50.9171, 100.9251,  27.7368,  23.0100, 181.7670,
         41.8222,  60.6662,  49.3773,  43.7492])
tensor([ 37.9987,  45.4681, 110.4549,  32.5497,  55.6997,  22.4379,  64.3836,
         33.4556,  55.8928,  38.8632,  61.2578,  39.0614,  35.9912, 114.8399,
         35.1740,  42.9025,  44.4982,  52.2665,  39.3078, 123.0028,  44.0141,
         37.3293,  50.6962,  34.8059,  36.2275,  47.3173,  63.0428,  36.3774,
         58.3775,  61.0185,  33.3206,  52.6255,  40.7509,  33.8201,  46.2776,
         35.1964,  61.0434,  36.4521,  49.7343,  23.5820,  35.0612,  35.5351,
         49.3232,  42.1913,  44.6376, 131.2047,  24.1041,  54.1671,  45.0432,
         47.0784,  61.8062,  36.8019, 100.9251,  27.7368,  23.0100,  97.7742,
         31.0715,  33.7216,  59.8052,  43.7492])
tensor([ 37.9987,  45.4681, 167.3903,  32.5497,  81.2087,  22.4379,  64.3836,
         56.0536,  55.8928,  38.8632,  61.2578,  51.0172,  78.7430, 211.4175,
         35.1740,  29.8525,  30.6772,  52.2665,  82.8095, 124.0924,  29.3067,
         37.3293,  56.6750,  21.9125,  36.2275,  53.1576,  63.0428,  36.3774,
         22.6222,  55.8268,  75.4403,  52.6255,  40.7509,  33.8201,  32.8218,
         35.1964,  61.0434,  36.4521,  22.5203,  28.4609,  35.0612,  22.8083,
         49.3232,  29.2838,  30.6306, 131.2047,  29.4972,  54.1671,  45.0432,
         47.0784,  26.1976,  36.8019, 121.3660,  20.6625,  23.0100, 193.7920,
         54.8409,  33.7216,  59.8052,  55.6420])
tensor([ 37.9987,  30.3051, 238.0034,  32.5497,  81.2087,  27.6637,  25.8872,
         56.0536,  55.8928,  38.8632,  61.2578,  76.0820,  78.7430, 211.4175,
         22.3691,  29.3038,  30.6772,  45.6573,  82.8095, 191.8491,  30.0280,
         25.2753,  56.6750,  21.9125,  86.0156,  78.8601,  63.0428,  36.3774,
         25.3204,  55.8268,  75.4403,  52.6255,  40.7509,  33.8201,  32.1225,
         86.0809,  25.4406,  86.7786,  22.5203,  28.4609,  27.4876,  24.5270,
         49.3232,  29.2838,  30.6306, 118.0252,  29.8943,  47.4550,  29.0246,
         41.8899,  27.2535,  36.8019, 183.4654,  22.7688,  27.2577, 193.7920,
         54.8409,  80.6340,  59.8052,  55.6420])
tensor([ 35.4062,  58.5085, 238.0034,  32.5497,  33.6299,  27.6637,  54.3721,
         56.0536,  55.8928,  28.4499,  61.2578,  37.1849,  78.7430, 211.4175,
         22.3691,  29.3038,  30.6772,  33.5354,  35.2910, 110.8973,  57.6484,
         25.2753,  38.0761,  21.9125,  86.0156,  78.8601,  63.0428,  36.3774,
         25.3204,  55.8268,  30.8212,  48.9740,  53.2445,  33.8201,  32.1225,
         40.3408,  25.4406,  42.4417,  22.5203,  53.9703,  56.2076,  53.6331,
         37.9071,  54.4887,  55.5586,  99.7133,  58.5142,  47.4550,  55.6617,
         41.8899,  56.2648,  36.8019, 106.3860,  22.7688,  54.5024,  97.1930,
         38.2717,  80.6340,  59.8052,  55.6420])
tensor([ 77.9482,  58.5085, 183.6855,  26.9339,  80.3292,  27.6637,  54.3721,
         56.0536,  55.8928,  67.8778,  23.3504,  62.3744,  74.9911, 198.6945,
         22.3691,  30.9401,  31.3274,  33.5354,  35.2910, 165.6858,  31.7195,
         25.2753,  38.0761,  21.9125,  86.0156,  78.8601,  63.0428,  71.6306,
         24.3245,  61.7131,  30.8212,  48.9740,  53.2445,  33.8201,  33.2472,
         67.3233,  25.1993,  42.4417,  23.1415,  32.2588,  56.2076,  53.6331,
         37.9071,  30.1541,  32.5412,  99.7133,  32.7112,  75.6855,  55.6617,
         66.2483,  28.4782,  36.8019, 106.3860,  22.7688,  54.5024,  97.1930,
         62.5032,  63.1967,  23.1292,  55.6420])
tensor([ 64.6803,  46.4387, 183.6855,  40.6943,  80.3292,  40.7896,  54.3721,
         56.0536,  56.7217,  67.8778,  35.4372,  54.2882,  74.9911, 198.6945,
         32.2490,  30.9401,  44.7203,  59.6487,  35.2910, 165.6858,  31.7195,
         34.2966,  53.3767,  21.9125,  86.0156,  50.7530,  32.8932,  71.6306,
         24.3245,  61.7131,  30.8212,  34.2074,  53.2445,  33.8201,  48.0524,
         67.3233,  37.8426,  57.4834,  34.3948,  32.2588,  56.2076,  36.8999,
         51.2364,  30.1541,  47.1926, 165.9702,  32.7112,  62.5618,  55.6617,
         66.2483,  42.7312,  36.8019, 106.3860,  32.5453,  42.0340, 159.9166,
         54.6292,  63.1967,  23.1292,  50.2546])
tensor([ 64.6803,  46.4387, 183.6855,  29.8345,  53.8907,  40.7896,  54.3721,
         56.0536,  56.7217,  46.0118,  77.8408,  54.2882,  74.9911, 155.2872,
         75.6547,  30.0841,  44.7203,  53.5337,  35.2910, 105.1690,  33.4584,
         74.0981,  53.3767,  67.2125,  86.0156,  50.7530,  75.2319,  71.6306,
         75.3045,  61.7131,  47.6666,  77.1621,  77.5715,  26.2808,  48.0524,
         38.0564,  80.2852,  57.4834,  34.3948,  31.7916,  30.3539,  80.9739,
         51.2364,  30.9491,  47.1926, 159.3542,  32.9496,  62.5618,  55.6617,
         66.2483,  42.7312,  47.4832, 106.3860,  32.5453,  30.7894, 159.9166,
         54.6292,  36.4080,  72.1952,  50.2546])
tensor([ 64.6803,  46.4387, 183.6855,  48.9968,  53.8907,  45.3756,  54.3721,
         26.6446,  56.7217,  51.0905,  64.1792,  29.4707,  74.9911, 170.7728,
         75.6547,  30.0841,  49.7226,  58.1583,  35.2910,  95.6728,  33.4584,
         74.0981,  29.3657,  55.6010,  29.3003,  27.1581,  75.2319,  51.0048,
         75.3045,  26.7998,  47.6666,  61.1060,  62.6443,  26.2808,  48.0524,
         32.8266,  67.7052,  57.4834,  59.2443,  31.7916,  30.3539,  80.9739,
         51.2364,  50.0093,  51.1094, 159.3542,  32.9496,  56.8592,  55.6617,
         49.5014,  42.7312,  47.4832,  76.9229,  58.5013,  49.3355, 159.9166,
         54.6292,  30.7606,  72.1952,  27.6790])
tensor([ 64.6803,  46.4387, 261.2043,  48.9968,  53.8907,  19.9338,  22.2093,
         97.8161,  55.3812,  51.0905,  24.0830,  29.4707,  74.9911, 152.6697,
         75.6547,  20.0325,  20.8214,  58.1697,  35.2910,  95.6728,  19.9904,
         74.0981,  29.3657,  55.6010, 106.3554, 102.2053,  75.2319,  56.5749,
         22.9587,  26.7998,  47.6666,  23.7234,  24.6320,  18.6667,  48.0524,
         32.8266,  67.7052,  57.4834,  59.2443,  20.4626,  19.8073,  80.9739,
         98.5100,  20.5919,  21.5843, 159.3542,  19.9181,  57.7883,  19.2262,
         51.0124,  42.7312,  55.0839,  76.9229,  58.5013,  49.3355, 159.9166,
        101.9528,  30.7606,  72.1952, 102.9772])
tensor([ 56.9115,  64.7584, 261.2043,  48.9968,  53.8907,  19.9338,  22.2093,
         47.7768,  55.3812,  50.6501,  24.0830,  47.4264,  51.6105, 178.8843,
         75.6547,  65.9352,  68.5085,  60.4679,  52.8901, 133.8568,  19.9904,
         74.0981,  29.3657,  55.6010,  50.9302, 102.2053,  26.1824,  56.5749,
         28.1291,  26.7998,  47.6666,  23.7234,  24.6320,  60.3690,  65.8966,
         50.5271,  67.7052,  46.9871,  27.3752,  20.4626,  63.1584,  80.9739,
         47.4670,  68.1252,  21.5843, 159.3542,  19.9181,  59.6423,  19.2262,
         50.5887,  30.0516,  55.0839, 119.2449,  24.9727,  66.8834, 159.9166,
        101.9528,  30.7606,  72.1952,  48.8974])
tensor([ 76.7367,  35.3654, 261.2043,  48.9968,  74.3268,  19.9338,  26.3143,
         74.3536,  68.5211,  50.6501,  29.0092,  47.4264,  51.6105, 205.8329,
         75.6547,  65.9352,  37.7119,  60.4679,  71.8127, 133.8568,  19.9904,
         74.0981,  74.7991,  22.9336,  81.2641, 102.2053,  26.9146,  56.5749,
         29.6004,  26.7998,  47.6666,  28.4964,  28.3778,  60.3690,  36.0847,
         81.8165,  28.7439,  46.9871,  27.3752,  20.4626,  63.1584,  80.9739,
         75.0149,  37.0035,  21.5843, 184.4471,  35.4126,  78.2732,  33.3840,
         50.5887,  31.3536,  70.1118, 119.2449,  24.8315,  66.8834, 159.9166,
        101.9528,  76.3000,  72.1952,  48.8974])
tensor([ 71.3236,  35.3654, 261.2043,  48.9968,  74.3268,  19.9338,  26.3143,
         43.5274,  68.5211,  50.6501,  29.0092,  47.4264,  60.8757, 206.7968,
         75.6547,  65.9352,  37.7119,  71.5493,  71.8127, 120.4781,  33.5961,
         64.9356,  42.7817,  22.9336,  46.8451,  39.6009,  26.9146,  61.6918,
         78.2319,  37.4959,  47.6666,  76.6350,  77.8660,  28.0474,  34.3489,
         81.8165,  78.1849,  42.0463,  27.3752,  20.4626,  63.1584,  80.9739,
         75.0149,  36.3873,  21.5843, 196.2245,  35.4126,  78.2732,  32.8326,
         62.0301,  81.4460,  64.0817, 119.2449,  72.4474,  31.5922, 159.9166,
         39.2497,  76.3000,  63.2232,  48.8974])
tensor([ 89.2263,  31.1991, 261.2043,  48.9968,  82.5158,  19.9338,  26.3143,
         43.5274,  68.5211,  50.6501,  51.7247,  47.4264,  80.5306, 206.7968,
         75.6547,  28.8991,  37.7119,  71.5493,  79.6634, 173.3963,  33.5961,
         46.9543,  42.7817,  44.6292,  71.3720,  60.4963,  49.2542,  78.4581,
         55.5718,  60.1622,  47.6666,  54.5567,  77.8660,  27.0011,  34.3489,
         81.8165,  78.1849,  66.1390,  46.8297,  26.8896,  63.1584,  80.9739,
         60.2656,  36.3873,  29.2872, 229.4120,  31.3520,  86.8203,  32.8326,
         62.0301,  81.4460,  81.5838, 119.2449,  49.2648,  31.5922, 189.6637,
         61.8960,  76.3000,  63.2232,  48.8974])
tensor([ 84.9994,  31.1991, 155.6546,  48.9968,  78.9833,  19.9338,  51.7314,
         43.5274,  68.5211,  66.3108,  59.2101,  58.0873,  80.5306, 206.7968,
         75.6547,  28.8991,  37.4007,  78.6975,  79.6634, 180.8354,  33.5961,
         46.9543,  62.2559,  49.8933,  71.3720,  62.5352,  55.2443,  78.4581,
         55.5718,  60.9855,  47.6666,  60.9852,  58.8644,  27.0011,  39.7931,
         81.8165,  78.1849,  66.1390,  53.5769,  35.0392,  33.1891,  80.9739,
         60.2656,  40.2233,  29.2872, 226.3788,  31.3520,  86.8203,  32.8326,
         70.2363,  59.6553,  77.9833, 119.2449,  56.7033,  31.5922, 189.6637,
         64.0100,  76.3000,  47.2008,  58.0173])
tensor([ 84.9994,  33.2038, 155.6546,  48.9968,  57.0495,  26.4208,  51.7314,
         43.5274,  68.5211,  66.3108,  79.6485,  58.0873,  80.5306, 155.1695,
         75.6547,  30.5979,  35.7562,  59.2103,  79.6634, 220.7806,  33.5961,
         69.2690,  74.0100,  70.2025,  71.3720,  74.6083,  55.2443,  50.9586,
         76.8906,  72.6140,  47.6666,  60.9852,  80.6875,  28.4160,  37.4058,
         81.8165,  78.1849,  74.1582,  74.7813,  35.0392,  31.6131,  80.9739,
         70.2361,  38.0909,  32.5548, 169.0146,  31.3520,  55.1346,  32.8326,
         70.2363,  59.6553,  56.6858, 119.2449,  56.7033,  31.5922, 131.4263,
         64.0100,  69.1986,  47.2008,  58.0173])
tensor([ 84.9994,  61.8442, 155.6546,  46.4712,  57.0495,  26.4208,  51.7314,
         43.5274,  68.5211,  66.3108,  36.4075,  53.4709,  80.5306, 155.1695,
         23.6897,  58.6627,  63.5010,  99.1247,  79.6634, 164.2045,  51.8490,
         30.0860,  59.0175,  70.2025,  71.3720,  57.0427,  55.2443,  89.1451,
         76.8906,  56.8858,  75.7842,  60.9852,  80.6875,  28.4160,  37.4058,
         55.7178,  78.1849,  74.1582,  74.7813,  55.1150,  55.9478,  24.9722,
         70.2361,  66.2289,  32.5548, 275.9028,  58.1357,  99.1607,  52.2536,
         70.2363,  59.6553,  97.2093, 122.4580,  30.8901,  31.5922, 131.4263,
         64.0100,  69.1986,  26.2688,  53.9450])
tensor([ 84.9994,  61.8442, 183.3801,  46.4712,  51.0009,  26.4208,  51.7314,
         61.0672,  42.4382,  40.5131,  42.1999,  53.4709,  43.8628, 143.6349,
         23.6897,  76.5553,  82.6766,  56.4778,  79.6634, 216.7078,  51.8490,
         30.0860,  59.0175,  32.5082,  71.3720,  70.7758,  55.2443,  89.1451,
         39.0262,  72.0155,  75.7842,  60.9852,  80.6875,  71.0716,  37.4058,
         55.7178,  34.8216,  67.4183,  35.5460,  55.1150,  76.2032,  24.9722,
         70.2361,  66.2289,  32.5548, 275.9028,  78.5420,  99.1607,  70.9592,
         42.7668,  37.8234,  54.6084, 164.7822,  38.6366,  31.5922, 131.4263,
         64.0100,  64.8767,  32.5416,  53.9450])
tensor([ 84.9994,  26.4111, 233.1700,  20.8453,  51.0009,  26.4208,  37.9433,
         83.9174,  42.4382,  40.5131,  42.1999,  84.1290,  72.9816, 199.9111,
         33.8057,  76.5553,  82.6766,  83.2478,  79.6634, 216.7078,  23.6992,
         40.6290,  59.0175,  32.5082,  71.3720,  94.4154,  55.2443,  89.1451,
         44.9145,  72.0155,  75.7842,  40.5733,  80.6875,  23.2421,  37.4058,
         87.6535,  34.8216,  67.4183,  42.6085,  23.7077,  76.2032,  35.2865,
         70.2361,  27.5082,  24.0193, 275.9028,  78.5420,  99.1607,  24.9668,
         42.7668,  37.8234,  54.6084, 216.0596,  42.4431,  20.8761, 170.6088,
         64.0100,  88.7207,  39.8983,  84.3509])
tensor([ 41.7526,  26.4111, 153.5119,  20.8453,  51.0009,  40.3145,  37.9433,
         49.7852,  42.4382,  40.5131,  86.3832,  84.1290,  40.5046, 139.5160,
         71.2440,  49.8783,  55.2264,  83.2478,  35.3639, 216.7078,  49.4209,
         79.5068,  59.0175,  32.5082,  47.4477,  53.8304,  55.2443,  89.1451,
         88.3867,  50.0787,  32.7772,  82.3625,  80.6875,  23.2421,  37.4058,
         49.5127,  34.8216,  49.8042,  84.6845,  23.7077,  51.2686,  35.2865,
         70.2361,  27.5082,  24.0193, 142.5099,  78.5420,  99.1607,  50.7052,
         37.2001,  83.5667,  45.2560, 143.6243,  42.4431,  45.8740, 170.6088,
         64.0100,  88.7207,  39.8983,  84.3509])
tensor([ 94.3112,  34.2005, 216.3669,  27.1686,  51.0009,  28.3149,  37.9433,
         78.0274,  80.8510,  78.6373,  86.3832,  84.1290,  40.5046, 245.0685,
         71.2440,  49.8783,  35.8717,  98.4174,  35.3639, 215.9377,  49.4209,
         79.5068,  59.0175,  32.5082,  80.6444,  53.8304,  55.2443,  89.1451,
         88.3867,  82.7711,  32.7772,  82.3625,  80.6875,  29.7064,  31.8968,
         49.5127,  31.4389,  49.8042,  36.5166,  23.7077,  51.2686,  29.1283,
         72.3644,  35.0267,  24.0193, 142.5099,  78.5420,  91.9418,  34.8791,
         37.2001,  36.2310, 100.1708, 206.2006,  42.4431,  45.8740, 210.8402,
         72.7962,  79.4430,  31.5244,  84.3509])
tensor([ 94.3112,  46.7383, 216.3669,  35.7718,  51.0009,  38.8619,  37.9433,
         78.0274,  74.8129,  78.6373,  86.3832,  81.8103,  81.7451, 245.0685,
         71.2440,  45.1560,  51.5622,  88.6082,  35.3639, 215.9377,  49.4209,
         31.2339,  83.0432,  32.5082,  90.4253,  53.8304,  55.2443,  74.8400,
         34.4307,  82.7711,  32.7772,  33.1862,  80.6875,  41.1721,  31.8968,
         86.4211,  31.4389,  86.0720,  35.8097,  23.7077,  43.3783,  27.1644,
         80.7307,  50.3199,  40.0341, 220.6095,  78.5420,  83.0851,  34.8791,
         74.1858,  36.2310, 100.1708, 233.6130,  42.4431,  45.8740, 191.6297,
         72.7962,  79.4430,  30.8897,  84.3509])
tensor([ 94.3112,  46.7383, 157.9265,  64.4260,  76.1464,  66.5924,  37.0488,
         78.0274,  74.8129,  68.6566,  47.6603,  51.4639,  80.7559, 228.3382,
         71.2440,  45.1560,  79.0392,  91.4807,  35.3639, 215.9377,  49.4209,
         31.2339,  83.0432,  38.2483,  90.4253,  53.8304,  38.2379,  74.5485,
         34.4307,  82.7711,  64.8218,  33.1862,  40.8841,  41.1721,  67.4956,
         54.7289,  31.4389,  86.0720,  35.8097,  64.8919,  43.3783,  42.8320,
         50.0849,  78.5951,  40.0341, 242.5172,  66.3334,  85.4071,  34.8791,
         74.1858,  36.2310, 100.1708, 159.8647,  42.4431,  63.7714, 191.6297,
         46.8708,  79.4430,  47.2739,  84.3509])
tensor([ 94.3112,  47.7996, 203.0865,  40.3081,  76.1464,  43.3462,  37.0488,
         64.1884,  80.5615,  68.6566,  47.6603,  51.4639,  80.7559, 228.3382,
         71.2440,  45.1560,  54.8629, 100.3406,  35.3639, 191.7205,  41.3525,
         31.2339,  83.0432,  38.2483,  70.8421,  66.2661,  38.2379,  88.0291,
         62.3576,  82.7711,  64.8218,  33.1862,  40.8841,  41.4818,  46.1731,
         54.7289,  52.1744,  86.0720,  62.6033,  64.8919,  43.3783,  42.8320,
         65.8963,  54.3475,  41.8808, 252.4964,  66.3334,  96.2194,  43.8786,
         74.1858,  36.2310, 100.1708, 159.8647,  52.5219,  40.9017, 206.6298,
         63.3608,  79.4430,  59.8695,  60.0649])
tensor([ 94.3112,  87.1500, 203.0865,  40.3081,  76.1464,  43.3462,  39.1507,
         64.1884,  53.6596,  68.6566,  46.2391,  51.4639,  58.6834, 174.3236,
         71.2440,  79.1805,  54.8629, 100.3406,  47.3409, 222.1404,  41.3525,
         43.4624,  83.0432,  39.4802,  70.8421,  75.9531,  38.2379,  59.5128,
         51.7464,  82.7711,  47.2034,  33.1862,  41.8342,  78.3212,  84.3839,
         76.0871,  52.1744,  70.1350,  62.6033,  64.8919,  77.2229,  42.7310,
         65.8963,  94.5927,  41.8808, 252.4964,  76.6233,  96.2194,  81.2264,
         74.1858,  45.2955, 100.1708, 212.0565,  45.1368,  40.9017, 158.3839,
         63.3608,  68.6256,  59.8695,  60.0649])
tensor([ 80.8112,  87.1500, 199.2948,  40.3081,  78.9467,  43.3462,  67.5145,
         63.0083,  79.5610,  68.9739,  46.2391,  51.4639,  58.6834, 174.3236,
         57.9081,  79.1805,  54.8629,  93.7308,  47.3409, 205.7378,  37.3539,
         43.4624,  59.7456,  39.4802,  70.8421,  75.9531,  62.9848,  59.5128,
         51.7464,  82.7711,  47.2034,  33.1862,  72.4636,  38.7779,  42.8215,
         76.0871,  70.6698,  66.8259,  62.6033,  64.8919,  38.5273,  71.1824,
         65.8963,  94.5927,  37.3004, 252.4964,  76.6233,  90.6116,  42.0174,
         69.9427,  74.9001, 100.1708, 199.1567,  45.1368,  40.9017, 223.1910,
         62.3774,  68.6256,  75.4274,  58.8508])
tensor([ 80.8112,  36.0714, 199.2948,  26.1848,  78.8202,  28.0820,  67.5145,
         63.0083,  80.7201,  68.9739,  51.3511,  51.4639,  58.6834, 174.3236,
         57.9081,  31.5735,  36.0513,  89.0554,  47.3409, 292.0852,  37.3539,
         47.2159,  59.7456,  42.5629, 101.7537, 101.4162,  62.9848,  59.5128,
         51.7464,  95.7122,  67.3566,  47.1781,  51.1944,  30.8802,  37.0727,
         76.0871,  50.4055, 104.7682,  62.6033,  64.8919,  32.5195,  49.6536,
         65.8963,  94.5927,  37.3004, 214.8778,  76.6233,  86.5560,  42.0174,
         69.9427,  54.2451, 100.1708, 281.2444,  45.1368,  40.9017, 223.1910,
        101.5242,  97.6745,  75.4274,  58.8508])
tensor([ 80.8112,  71.6687, 199.2948,  56.1759,  69.4611,  57.9461,  70.3524,
         61.2709,  70.2638,  68.9739,  51.3511,  56.4974,  58.6834, 190.3011,
         62.1965,  31.5735,  72.1175,  79.4804,  54.9947, 292.0852,  37.3539,
         47.2159,  59.7456,  42.5629, 101.7537, 101.4162,  67.9597,  64.0770,
         51.7464,  95.7122,  67.3566,  47.1781,  81.1577,  65.5007,  72.8181,
         76.0871,  80.3593, 104.7682,  62.6033,  51.2863,  67.4523,  49.6536,
         57.9289,  69.2767,  37.3004, 214.8778,  58.4567,  77.0912,  42.0174,
         58.7940,  54.2451, 100.1708, 281.2444,  76.3122,  40.9017, 223.1910,
         64.4567,  97.6745,  78.4519,  57.7103])
tensor([ 87.2041,  71.6687, 199.2948,  56.1759,  99.6769,  57.9461,  70.3524,
         61.2709,  70.2638,  68.9739,  51.3511,  56.4974,  85.2240, 190.3011,
         41.6278,  80.8689,  92.7833,  79.4804,  82.4304, 292.0852,  37.3539,
         47.2159,  59.7456,  44.9939,  56.0205, 101.4162,  47.3424,  93.4323,
         50.9240,  95.7122,  79.1636,  47.9302,  57.1381,  65.5007,  96.0337,
         76.0871,  80.3593,  57.6949,  49.0335,  51.2863,  89.5215,  49.6536,
         51.4301,  91.4955,  37.3004, 262.3405,  58.4567,  77.0912,  42.0174,
         86.6820,  54.2451,  85.8868, 281.2444,  76.3122,  69.4369, 226.1440,
         57.1451,  52.5572,  54.7096,  49.4914])
tensor([121.3185,  71.6687, 170.4200,  56.1759,  99.6769,  57.9461,  70.3524,
         65.0907,  70.2638,  68.9739,  51.3511,  56.4974, 119.9751, 190.3011,
         41.6278,  80.8689,  92.7833,  79.4804, 115.9705, 180.7961,  29.3374,
         47.2159,  60.6942,  44.9939,  56.0205, 101.4162,  53.0055, 124.8000,
         50.9240,  62.8872,  79.1636,  47.9302,  62.7861,  35.5160,  43.8172,
         63.3933,  57.7045,  74.9935,  49.0335,  28.9227,  39.1285,  50.7717,
         69.6635,  91.4955,  28.8514, 262.3405,  30.6353, 132.7556,  42.0174,
        120.9900,  55.3184,  85.8868, 281.2444,  76.3122,  69.4369, 279.1518,
         74.6513,  70.5444,  54.7096,  69.7780])
tensor([ 47.2273,  38.1917,   0.0000,   0.0000,  16.3313,   0.0000,  17.7024,
         24.5803,  23.6311,   0.0000,   0.0000,   0.0000,   0.0000,  24.7698,
         15.6852,   0.0000,  39.8355,  24.9450,   0.0000,   0.0000,  45.7957,
          0.0000,   0.0000,   0.0000,  43.7385,   0.0000,   0.0000,  43.1528,
         16.0864,   0.0000,  44.4088,  43.4683,  46.6313,   0.0000,   0.0000,
          0.0000,  16.1451,   0.0000,  16.9929,  44.1237,   0.0000,  15.4794,
         26.0277,   0.0000,  47.8360,   0.0000,  45.2233,   0.0000,  16.4505,
         47.1704,   0.0000,  24.9957,   0.0000,   0.0000,  39.0815,  47.1915,
        139.6719,   0.0000,   0.0000,   0.0000])
tensor([37.7355, 33.2164,  0.0000,  0.0000, 16.3313,  0.0000, 38.9305, 34.0721,
        23.6311,  0.0000,  0.0000, 33.7308,  0.0000, 36.9974, 38.4156,  0.0000,
        39.8355, 24.9450, 34.7353,  0.0000, 45.7957, 35.1378, 31.7654,  0.0000,
        33.8825,  0.0000, 31.9667, 34.4515, 41.1898, 39.1907, 44.4088, 32.9156,
        46.6313, 31.7495, 34.1296, 39.1866, 16.1451,  0.0000, 16.9929, 33.5814,
         0.0000, 39.3204, 37.3801, 32.5472, 87.4411, 68.4635, 33.3312, 67.7521,
        40.4143, 47.1704, 32.3838, 24.9957,  0.0000,  0.0000, 39.0815, 47.1915,
        72.8225,  0.0000,  0.0000,  0.0000])
tensor([ 37.7355,  33.2164,  78.5011,   0.0000,  16.3313,  60.2470,  33.5914,
         34.0721,  23.6311,   0.0000,  53.8985,  59.0032,  24.0207,  36.9974,
         38.4156,  32.1731,  58.4993,  24.9450,  24.7745,  59.6425,  45.7957,
         35.1378,  31.7654,  25.1571,  33.8825,  26.9699,  39.7311,  41.9997,
         34.2781,  39.1907,  40.9515,  41.0710,  41.4153,  31.7495,  34.1296,
         33.2124,  16.1451,  25.2130,  33.3927,  33.5814,   0.0000,  39.3204,
         26.9555,  32.5472,  87.4411, 112.8388,  42.0173, 103.5021,  40.4143,
         40.8362,  32.3838,  24.9957,   0.0000,  40.4346,  39.0815,  44.0161,
         72.8225,  24.3664,   0.0000,  31.6754])
tensor([ 65.6098,  57.3262, 109.2281,   0.0000,  16.3313,  60.2470,  33.5914,
         34.0721,  23.6311,   0.0000,  54.8904,  59.0032,  26.4199,  36.9974,
         25.6022,  32.1731,  58.4993,  24.9450,  24.7745,  59.5913,  45.7957,
         35.1378,  56.8592,  27.3622,  33.8825,  30.3149,  39.7311,  41.9997,
         34.2781,  24.5397,  58.4230,  58.7881,  58.9641,  55.8754,  60.0154,
         26.1022,  16.1451,  27.4269,  33.3927,  57.8348,   0.0000,  25.2837,
         30.4049,  32.5472,  56.8764, 121.4305,  59.4160, 103.5021,  25.1921,
         40.8362,  55.7604,  24.9957,   0.0000,  57.4282,  39.0815,  60.8577,
        114.3410,  24.3664,  23.9030,  31.6754])
tensor([ 70.4164,  57.3262, 109.2281,  23.5137,  16.3313,  60.2470,  33.5914,
         34.0721,  23.7876,   0.0000,  54.8904,  59.0032,  24.1780,  25.7785,
         28.6804,  32.1731,  58.4993,  23.8115,  24.7745,  59.5913,  45.7957,
         24.1775,  61.1581,  24.6124,  63.6516,  30.3149,  63.8781,  65.4596,
         34.2781,  24.5397,  67.4730,  67.6305,  68.6083,  59.7288,  60.0154,
         29.5678,  27.0293,  25.2268,  27.0159,  57.8348,  26.0320,  25.2837,
         27.5118,  32.5472,  56.8764, 121.4305,  69.2565, 112.1604,  25.1921,
         40.8362,  64.4608,  23.4787, 124.5526,  57.4282,  57.1105,  60.8577,
        114.3410,  22.9113,  23.9030,  31.6754])
tensor([ 32.7759,  27.9498,  74.6528,  23.5137,  27.5751,  28.1282,  33.5914,
         79.0042,  78.7310,   0.0000,  27.4524,  28.5994,  24.1780,  25.7785,
         29.1056,  27.0862,  28.4246,  81.1723,  79.1946,  59.5913,  45.7957,
         24.1775,  28.2759,  24.6124,  63.6516,  30.3149,  63.8781,  65.4596,
         29.5911,  24.5397,  67.4730,  67.6305,  33.4718,  59.7288,  60.0154,
         29.9255,  27.0293,  83.6536,  28.8902,  57.8348,  27.2895,  25.2837,
         27.5118,  26.7442,  56.8764,  69.6089,  69.2565, 112.1604,  25.1921,
         40.8362,  33.1112,  82.0451, 124.5526,  31.2854,  27.8698,  32.4701,
        114.3410,  76.9841,  28.1329,  31.6754])
tensor([ 32.7759,  83.7477,  74.6528,  23.5137,  30.3325,  28.1282,  31.0100,
         26.6045,  78.7310,   0.0000,  80.7141,  28.5994,  25.9603,  27.8209,
         33.9344,  27.0862,  83.5469,  27.1127,  26.1354,  87.5795,  85.8853,
         26.0763,  28.2759,  24.6124,  44.8853,  28.4472,  45.6856,  46.7778,
         29.5911,  30.7383,  46.7482,  48.7190,  50.1052,  81.3879,  86.1478,
         29.9255,  27.0293,  83.6536,  28.8902,  57.8348,  31.2441,  30.6990,
         29.3270,  26.7442,  68.8645, 176.9567,  48.8654, 112.1604,  25.1921,
         40.8362,  33.1112,  82.0451, 124.5526,  31.2854,  27.8698,  32.4701,
        114.3410,  76.9841,  28.1329,  31.6754])
tensor([ 32.7759,  46.4238,  80.2316,  45.3754,  55.7266,  28.1282,  31.0100,
         26.6045,  46.8001,   0.0000,  45.1093,  28.5994,  25.9603,  51.2491,
         58.6702,  27.0862,  83.5469,  27.1127,  26.1354,  46.9073,  46.8352,
         26.0763,  28.2759,  24.6124,  44.8853,  52.8435,  45.6856,  35.7986,
         57.6611,  30.7383,  46.7482,  48.7190,  36.9354,  44.5480,  46.7275,
         29.9255,  55.0986,  50.1363,  55.9973,  57.8348,  56.0464,  55.6602,
         29.3270,  41.6185, 118.2188, 114.8815,  36.4574, 102.1408,  25.1921,
         31.8715,  35.0518,  82.0451,  74.6357,  31.2854,  27.8698,  32.4701,
         79.1179,  76.9841,  28.1329,  31.6754])
tensor([ 90.4883,  46.4238, 175.3472,  45.3754,  21.0481,  28.1282,  21.4584,
         26.6045,  19.3974,   0.0000,  77.1340,  28.5994,  17.2619,  20.9088,
         58.6702,  27.0862,  77.6598,  27.1127,  26.1354,  82.1036,  46.8352,
         26.0763,  77.2923,  24.6124,  80.2176,  52.8435,  79.9642,  85.3148,
         57.6611,  20.7181,  84.3282,  84.0363,  89.4397,  44.5480,  46.7275,
         23.0661,  20.7430,  19.5635,  21.8160,  79.1607,  56.0464,  55.6602,
         29.3270,  41.6185, 118.2188, 185.3874,  87.9611, 144.6770,  19.7777,
         31.8715,  35.0518,  82.0451,  74.6357,  79.5862,  27.8698,  83.6264,
         79.1179,  76.9841,  19.9898,  31.6754])
tensor([ 90.4883,  67.4375, 174.4886,  45.3754,  36.6602,  28.1282,  35.4390,
         26.6045,  24.3336,   0.0000,  68.2050,  28.5994,  21.9812,  25.9048,
         58.6702,  31.8833,  77.6598,  21.8827,  20.6724,  82.1036,  71.8955,
         20.7288,  67.9424,  24.6124,  77.3249,  23.2145,  79.9642,  82.4767,
         57.6611,  20.7181,  84.3282,  80.7196,  85.5413,  44.5480,  70.9637,
         38.5797,  36.3184,  24.6685,  21.8160,  75.6928,  56.0464,  55.6602,
         24.0149,  41.6185, 118.2188, 185.3874,  87.9611, 144.6770,  19.7777,
         31.8715,  35.0518,  82.0451,  74.6357,  76.6364,  61.4105,  80.3886,
         79.1179,  19.5869,  34.1219,  31.6754])
tensor([ 90.4883,  67.4375, 103.4564,  45.3754,  42.0762,  28.1282,  39.3116,
         82.3598,  89.3082,  72.8729,  36.2606,  28.5994,  21.9812,  95.3817,
         58.6702,  36.8217,  35.2191,  87.1013,  87.7253,  82.1036,  37.4714,
         87.5219,  67.9424,  80.5636,  34.9838,  23.2145,  33.6448,  82.4767,
         57.6611,  20.7181,  84.3282,  37.3726,  38.9020,  44.5480,  36.3508,
         41.4957,  36.3184,  94.5642,  38.4301,  75.6928,  56.0464,  55.6602,
         24.0149,  41.6185, 118.2188, 185.3874,  87.9611, 107.7354,  35.6234,
         31.8715,  35.0518,  83.0849,  82.9792,  76.6364,  61.4105,  80.3886,
         80.2106,  19.5869,  39.7339,  34.1032])
tensor([ 55.0330,  67.4375, 168.4645,  45.3754,  44.8798,  45.1623,  45.2509,
         51.7490,  58.0463,  72.8729,  36.2606,  28.5994,  21.9812,  95.3817,
         41.5958,  36.8217,  35.2191,  55.1870,  53.9085,  82.1036,  37.4714,
         54.3034,  67.9424,  49.4730,  65.7442,  23.2145,  63.4172,  82.4767,
         57.6611,  39.2274,  84.3282,  37.3726,  71.1596,  44.5480,  53.0050,
         46.5724,  42.5753,  59.9630,  38.4301,  60.6822,  56.0464,  38.6225,
         24.0149,  41.6185,  85.4496, 185.3874,  65.2231, 122.7943,  40.8137,
         31.8715,  59.6258,  51.5695,  82.9792,  76.6364,  44.3279,  80.3886,
         80.2106,  48.3209,  39.7339,  34.1032])
tensor([ 47.9039,  40.7929, 123.2760,  45.3754,  44.8798,  45.1623,  73.7995,
         55.8403,  58.0463,  72.8729,  43.7186,  28.5994,  55.2753,  63.1052,
         41.5958,  66.5789,  41.9092,  55.1870,  60.6639,  82.1036,  45.7440,
         54.3034,  67.9424,  49.4730,  42.2758,  23.2145,  40.2191,  40.2447,
         65.9365,  39.2274,  36.1682,  37.3726,  71.1596,  44.5480,  47.0952,
         75.4073,  71.3654,  64.0804,  38.4301,  60.6822,  56.0464,  38.6225,
         24.0149,  35.5888, 148.0167, 185.3874,  65.2231, 122.7943,  68.8407,
         31.8715,  37.9234,  56.3290,  82.9792,  76.6364,  44.3279,  38.5937,
         95.7016,  54.0482,  67.0554,  34.1032])
tensor([ 47.9039,  40.7929, 211.3294,  45.3754,  35.9783,  45.1623,  73.7995,
         33.6253,  58.0463,  72.8729,  43.7186,  68.9631,  32.3680,  38.8534,
         41.5958,  33.5063,  77.2704,  55.1870,  34.6250,  73.8952,  86.3761,
         54.3034,  73.0006,  30.4471,  42.2758,  33.8346,  40.2191,  40.2447,
         33.9741,  32.0336,  82.4008,  37.3726,  71.1596,  44.5480,  86.6555,
         75.4073,  71.3654,  64.0804,  33.7330,  80.9408,  56.0464,  33.3727,
         24.0149,  70.0416,  92.7722, 185.3874,  84.7985, 122.7943,  68.8407,
         31.8715,  82.8869,  56.3290, 173.1989,  77.2998,  44.3279,  86.3602,
        184.1302,  54.0482,  67.0554,  28.7012])
tensor([ 47.9039,  64.7222, 214.2796,  45.3754,  35.9783,  60.9732,  50.3223,
         33.6253,  58.0463,  72.8729,  43.7186,  63.7624,  32.3680,  38.8534,
         45.3394,  46.6733,  77.2704,  30.7566,  34.6250,  66.6902,  77.6898,
         29.8695,  73.0006,  30.4471,  85.1876,  33.1056,  40.2191,  40.2447,
         47.0510,  32.0336,  82.4008,  37.3726,  71.1596,  44.5480,  77.3870,
         52.2985,  47.9532,  36.6966,  33.7330,  80.9408,  39.5576,  46.0840,
         24.0149,  70.0416,  92.7722, 147.9852,  84.8590, 137.6289,  45.2718,
         68.1093,  82.3059,  56.3290, 184.9933,  76.1351,  58.7040,  86.3602,
        184.1302,  29.7672,  67.0554,  28.7012])
tensor([123.2200, 113.4987, 214.2796,  45.3754,  41.9020,  60.9732,  44.9839,
         33.6253,  58.0463,  22.1043,  43.7186, 109.6407,  32.3680,  38.8534,
         45.3394,  46.6733,  77.2704,  31.2121,  31.5443, 118.1041, 127.7794,
         29.8695, 107.6584,  30.4471,  85.1876,  33.1056,  40.2191,  40.2447,
         47.0510,  32.0336,  51.3070,  53.1285,  55.2604,  44.5480,  77.3870,
         47.4626,  47.9532,  35.9611,  33.7330,  52.4290,  37.0117,  41.4718,
         29.8450, 105.4075, 105.7329, 237.3731,  57.0134, 137.6289,  40.5112,
         68.1093,  56.8690,  56.3290, 142.1337,  76.1351, 104.2251,  57.4035,
        151.2299,  29.7672,  67.0554,  28.7012])
tensor([ 76.3245, 113.4987, 212.6973,  25.8178,  50.0366,  60.9732,  44.9839,
         33.6253,  58.0463,  25.5989,  62.4471,  66.4232,  31.0611,  37.7382,
         45.3394,  44.6054,  64.6077,  31.2121,  31.5443,  68.7029,  77.6036,
         29.8695, 107.6584,  30.4471,  85.1876,  33.1056,  40.2191,  82.7643,
         45.8547,  42.1927,  51.3070,  53.1285,  55.2604,  44.5480,  73.6486,
         55.1076,  46.7561,  35.9611,  42.5801,  86.8107,  37.0117,  41.4718,
         29.8450,  61.8120, 121.2720, 237.3731,  94.1190, 139.4130,  40.5112,
         75.1373,  90.9829,  56.3290, 142.1337,  76.1351, 104.2251,  57.4035,
        192.8446,  31.4474,  41.6631,  28.7012])
tensor([ 87.8678,  75.3726, 212.6973,  35.8598,  50.0366,  70.5511,  44.9839,
         33.6253,  40.4934,  25.5989,  74.4855,  77.0977,  31.0611,  37.7382,
         64.3677,  44.6054,  75.4533,  42.8209,  31.5443,  68.7029,  77.6036,
         40.8976,  70.4762,  30.4471,  85.1876,  45.1739,  45.6367,  82.7643,
         45.8547,  42.1927,  51.3070,  49.4250,  55.2604,  44.5480,  84.2863,
         55.1076,  70.2612,  49.1634,  68.1150,  86.8107,  37.0117,  67.8038,
         44.2776,  61.8120, 179.4364, 178.5781,  94.1190, 175.8106,  40.5112,
         75.1373,  55.2904,  56.3290, 142.1337,  45.2863,  70.4459,  51.0643,
        142.5931,  31.4474,  41.6631,  56.2274])
tensor([ 87.8678,  75.3726, 212.6973,  43.3636,  27.8873,  70.5511,  44.9839,
         33.6253,  40.4934,  41.7417, 115.5498,  77.0977,  31.0611,  54.0528,
         25.7553,  23.6120,  75.4533,  50.5188,  31.5443, 119.7531, 126.6731,
         49.8289,  70.4762,  42.7663,  85.1876,  45.1739,  51.9950,  82.7643,
         25.4053,  42.1927,  50.7618,  56.2005,  54.4599,  96.8299,  84.2863,
         30.2887,  26.2586,  49.1634,  68.1150,  55.2552,  21.0562,  25.6215,
         44.2776, 108.2489, 179.4364, 251.1693,  58.4486, 175.8106,  40.5112,
         75.1373,  55.2904,  42.0848, 142.1337,  45.2863, 109.6962,  51.0643,
        142.5931,  46.4409,  22.3384,  56.2274])
tensor([ 87.8678,  75.3726, 212.6973,  80.1678,  27.8873,  36.0061,  44.9839,
         78.2899,  40.4934,  75.1815,  41.1610,  38.5152,  31.0611,  94.9422,
         25.7553,  23.6120,  39.6506,  91.3757,  31.5443,  40.1551, 126.6731,
         49.8289,  34.8836,  78.8162,  35.5940,  91.4804,  51.9950,  36.5788,
         25.4053,  56.9881,  50.7618,  41.9091,  39.0366,  96.8299,  84.2863,
         75.3165,  71.0085,  49.1634,  62.4680,  55.2552,  21.0562,  25.6215,
         44.2776,  38.1437, 170.6249, 251.1693,  58.4486, 130.0126,  40.5112,
         32.3708,  55.2904,  42.0848,  91.0089,  34.4494,  38.6660,  51.0643,
        142.5931,  84.8878,  22.3384,  53.3510])
tensor([ 87.8678,  75.3726, 186.0002,  80.1678,  27.8873,  82.0952,  32.8097,
         45.4954,  44.6742,  75.1815,  90.5888,  38.5152,  31.0611,  55.6877,
         25.7553,  31.3652,  85.9796,  51.3576,  31.5443,  40.1551,  96.3414,
         49.8289,  34.8836,  78.8162,  79.3809,  52.5665,  51.9950,  78.6179,
         33.8327,  56.9881,  50.7618,  87.0408,  86.6749,  70.6009,  84.2863,
         75.3165,  71.0085,  49.1634,  62.4680,  81.6825,  29.0298,  25.6215,
         49.0479,  82.5392, 104.2877, 251.1693,  88.2025, 189.5959,  28.6694,
         70.7288,  55.2904,  42.9360,  91.0089,  34.4494,  38.6660,  51.0643,
        185.0153,  84.8878,  22.3384,  28.2530])
tensor([ 73.8276,  61.8382, 186.0002,  80.1678,  27.8873,  82.0952,  32.8097,
         41.9684,  44.6742,  37.8075,  90.5888,  68.3151,  38.1367,  53.1449,
         25.7553,  45.6595,  72.2121,  48.8437,  39.7136,  69.3226,  96.3414,
         49.8289,  34.8836,  78.8162,  91.9984,  52.5665,  86.6367,  78.6179,
         47.5722,  56.9881,  50.7618,  87.0408,  86.6749,  59.9746,  70.1017,
         54.5225,  71.0085,  44.6348,  45.0194,  81.6825,  43.4731,  25.6215,
         44.7348,  69.8926, 104.2877, 251.1693,  88.2025, 167.5585,  28.6694,
         85.1877,  90.1442,  42.9360, 193.3699,  86.6238,  65.5573,  51.0643,
        185.0153,  84.8878,  22.3384,  41.1335])
tensor([109.6433,  97.8838, 186.0002,  80.1678,  35.7030,  82.0952,  35.9099,
         63.3842,  59.3582,  37.8075, 101.9152,  68.3151,  38.1367,  76.0451,
         25.7553,  45.6595, 104.6668,  48.8437,  61.5977,  69.3226,  96.3414,
         49.8289,  90.8422,  56.8518,  56.9504,  52.5665,  53.6008,  78.6179,
         40.6077,  56.9881,  50.7618,  59.0058,  57.5240,  59.9746, 105.1570,
         43.3769,  35.8176,  44.6348,  45.0194,  81.6825,  43.4731,  25.6215,
         68.6651, 101.4905, 104.2877, 204.6181,  58.1405, 224.9779,  32.5557,
         85.1877,  57.8879,  56.6954, 193.3699,  53.8233,  65.5573,  51.0643,
        185.0153,  60.9410,  22.3384,  41.1335])
tensor([103.7867,  97.8838, 186.0002,  80.1678,  35.7030,  82.0952,  35.9099,
         72.2028,  59.3582,  37.8075, 101.9152,  68.3151,  63.7013,  86.0920,
         25.7553,  45.6595, 104.6668,  74.6564,  61.5977,  95.0388,  98.0429,
         63.2782,  88.7822,  56.8518,  67.9510,  73.1040,  53.6008,  60.1005,
         47.0447,  34.7439,  50.7618,  71.6261,  69.5915,  82.6440,  99.4327,
         43.3769,  44.6105,  70.6971,  45.0194,  81.6825,  43.4731,  25.6215,
         68.6651,  97.7719, 104.2877, 202.0308,  58.1405, 224.9779,  38.4225,
         57.7531,  69.3833,  65.5540, 193.3699,  65.3705,  89.4827,  51.0643,
        155.9234,  60.9410,  33.1382,  41.1335])
tensor([106.7111,  91.6791, 186.0002,  80.1678,  34.9451,  82.0952,  35.9099,
         72.2028,  59.3582,  37.8075,  95.5565,  68.3151,  51.6062,  86.0920,
         25.7553,  32.2432, 104.6668,  74.6564,  52.5060, 100.2673,  98.0429,
         50.9544,  88.7822,  49.1500,  96.9486,  58.2973,  86.9720,  88.3070,
         42.9983,  31.7343,  50.7618, 100.4278,  69.5915,  86.9014,  99.4327,
         43.3769,  44.6105,  58.2740,  31.4963,  85.0619,  43.4731,  25.6215,
         59.3175,  97.7719,  96.7370, 219.9383,  95.2722, 210.9568,  38.4225,
         57.7531,  69.3833,  53.0844, 193.3699,  92.9776,  89.4827,  79.2531,
        205.9269,  60.9410,  33.1382,  41.1335])
tensor([ 73.5779,  91.6791, 156.2889,  80.1678,  66.4155,  82.0952,  60.8207,
         72.2028,  59.3582,  56.7106,  67.6419,  60.4485,  51.6062,  86.0920,
         25.7553,  32.2432,  67.6508,  72.2769,  52.5060,  69.2597,  98.0429,
         50.9544,  60.7520,  63.6324,  96.9486,  74.8717,  75.2681,  88.3070,
         42.9983,  60.2407,  50.7618,  85.9095,  77.9129,  86.9014,  68.6560,
         43.3769,  44.6105,  58.2740,  63.3386,  73.0669,  55.9167,  25.6215,
         59.3175,  66.7320,  96.7370, 169.9231,  95.2722, 210.9568,  38.4225,
         69.0350,  79.1526,  67.9042, 193.3699,  78.5406,  89.4827,  79.2531,
        178.3467,  60.9410,  55.5477,  51.9880])
tensor([ 73.5779,  99.1586, 156.2889,  80.1678,  46.6451,  92.9287,  60.8207,
         72.2028,  59.3582,  56.7106, 109.4840,  60.4485,  51.6062,  34.5838,
         25.7553,  40.5736, 109.2319,  31.4772,  52.5060, 112.0259,  98.0429,
         25.5204, 102.3819,  27.8693,  96.9486,  30.8031,  75.2681, 102.9470,
         48.2424,  43.0234,  50.7618,  85.9095, 112.6233,  95.7796, 113.2247,
         43.3769,  44.6105,  30.0421,  44.4648,  73.0669,  39.2338,  25.6215,
         29.1927, 106.8702, 114.0841, 247.7346,  95.2722, 212.4837,  38.4225,
         69.0350,  79.1526,  28.9647, 193.3699,  78.5406,  89.4827,  97.2871,
        178.3467,  24.4087,  55.5477,  51.9880])
tensor([ 73.5779,  81.5586, 156.2889,  65.9181,  46.6451,  92.9287,  60.8207,
         72.2028,  59.3582,  56.7106,  90.8035,  77.4690,  51.6062,  34.5838,
         59.8671,  75.8230,  87.8043,  88.3700,  52.5060,  91.5457,  80.9169,
         81.4764,  80.2281,  27.8693,  96.9486,  91.6867,  75.2681,  29.1747,
         48.2424,  76.3204,  19.4279,  85.9095, 112.6233,  95.7796, 113.2247,
         75.8009,  44.6105,  30.0421,  44.4648,  28.4165,  71.8480,  62.0507,
         29.1927,  86.1172, 114.0841, 203.7356,  26.8068, 208.4039,  69.1012,
         69.0350,  79.1526,  84.5635,  66.4984,  28.3060,  89.4827,  97.2871,
        178.3467,  24.4087,  68.4152,  66.6818])
tensor([ 73.5779,  81.5586, 144.2540,  65.9181,  72.6340,  92.9287,  60.8207,
         34.7052,  33.5107,  32.0944, 111.5383,  77.4690,  32.8207,  45.8181,
         59.8671,  71.8780, 111.4743,  46.8523,  52.5060, 114.1026,  80.9169,
         81.4764,  80.2281,  39.6857,  96.9486,  45.6709,  75.2681,  29.1747,
         75.4174,  72.8782,  19.4279,  85.9095, 112.6233,  96.7850, 113.2247,
         75.8009,  67.0494,  43.0985,  71.9222,  28.4165,  72.3465,  62.0507,
         29.1927,  86.1172, 114.0841, 203.7356,  68.8754, 208.4039,  64.8573,
         57.6615,  65.9660,  42.4266, 149.8842,  69.6067,  89.4827,  97.2871,
        178.3467,  35.4465,  63.7619,  66.6818])
tensor([ 73.5779,  30.4173, 157.1935,  97.2057,  72.6340,  92.9287,  52.3550,
        109.2638,  33.5107,  32.0944, 111.5383,  29.5354, 108.4111, 123.0887,
         46.4037,  71.8780, 111.4743, 123.7139,  52.5060, 114.1026,  30.9516,
        112.5647,  80.2281,  39.6857,  96.9486, 127.0855,  75.2681,  29.1747,
         63.0654,  72.8782,  19.4279,  56.8313, 112.6233,  29.0900, 113.2247,
         58.4305,  67.0494,  43.0985,  58.0883,  54.2912,  72.3465,  46.4159,
         29.1927,  32.9441, 134.3970, 203.7356,  68.8754, 208.4039,  55.7134,
         57.6615,  65.9660,  42.4266, 160.1119,  60.9494,  27.2018,  46.1184,
        178.3467, 109.3751,  57.3183,  50.5146])
tensor([ 51.9571,  30.4173, 197.4293,  97.2057,  72.6340,  42.3108,  52.3550,
         45.7392,  33.5107,  32.0944,  53.7022,  29.5354,  44.7358,  55.0414,
         84.4531,  99.0826,  54.3137, 123.7139,  39.3776, 114.1026,  53.1550,
         45.7242,  80.2281,  39.6857,  73.3977,  55.0106,  75.2681,  29.1747,
        106.5361,  97.9492,  63.7852,  81.3417, 112.6233,  29.0900, 113.2247,
        101.3226,  67.0494,  48.4956, 103.1246,  54.2912,  97.1014,  46.4159,
         29.1927,  32.9441, 134.3970, 116.7542,  68.8754, 208.4039,  97.3185,
         70.5242,  76.1745,  47.9294, 206.7225,  60.9494,  45.8915,  46.1184,
        178.3467, 109.3751,  57.3183,  50.5146])
tensor([ 85.3651,  74.5142, 200.2243,  43.0384,  72.6340,  73.0735,  52.3550,
         51.0749,  45.5039,  41.8190,  53.7022,  29.5354,  44.7358,  58.3663,
         84.4531,  99.0826,  81.7542,  54.5953,  39.3776,  78.0966,  53.1550,
         45.7242,  80.2281,  39.6857,  82.2443,  55.0106,  75.2681,  29.1747,
        106.5361,  36.7491,  63.7852,  81.3417, 112.6233,  75.6756,  78.6627,
        101.3226,  32.0087,  48.4956,  36.6221,  54.2912,  97.1014,  30.4445,
         49.4823,  81.6894, 134.3970, 116.7542,  68.8754, 157.1348,  35.3502,
         70.5242,  85.0024,  54.0740, 211.6467,  60.9494,  45.8915,  82.9165,
        188.3020,  50.0904,  33.9843,  50.5146])
tensor([ 85.3651, 106.2276, 200.2243,  59.7573,  72.6340, 103.2852,  52.3550,
         51.0749,  62.2853,  41.8190,  53.7022, 100.6805,  63.8620,  58.3663,
         84.4531,  32.0506, 112.8399,  77.1117,  39.3776,  78.0966,  53.1550,
         68.6593,  99.6240,  39.6857,  72.2011,  55.0106,  75.2681,  65.4173,
         38.6638,  36.7491,  63.7852,  74.2510, 112.6233, 105.3808,  78.6627,
         37.1077,  32.0087,  68.9695,  37.5423,  54.2912,  33.3038,  29.0800,
         70.1438, 113.3744,  84.4633, 226.3187,  68.8754, 218.6581,  35.3502,
         66.0752,  85.0024,  54.0740, 198.1325,  60.9494,  45.8915,  70.9124,
        188.3020,  50.0904,  33.7411,  50.5146])
tensor([ 85.3651, 106.2276, 164.1400,  49.3038,  63.1628,  99.3654,  58.3335,
         51.0749,  62.2853,  46.5916, 101.9617,  98.8138,  52.4433,  64.1045,
         84.4531,  32.0506, 107.8789,  63.6388,  39.3776,  78.0966,  53.1550,
         68.6593,  99.6240,  48.1378,  72.2011,  55.0106,  54.1234,  62.0088,
         38.6638,  36.7491,  53.3882,  74.2510,  61.2165, 105.3808,  99.9704,
         73.8870,  32.0087,  68.9695,  37.5423,  60.3772,  33.3038,  65.0505,
         57.8222, 106.9930,  84.4633, 222.4125,  62.3327, 216.6057,  35.3502,
         66.0752,  85.0024,  54.0740, 182.5789,  60.9494,  91.4585,  70.9124,
        163.7971,  50.0904,  70.0010,  50.5146])
tensor([ 85.3651,  96.7453, 262.8738,  38.5618,  63.1628,  97.5426,  58.3335,
         39.6495,  39.2136,  46.5916, 101.9617,  98.8138,  52.4433,  64.1045,
         84.4531,  32.0506, 107.7567,  49.7106,  39.3776,  97.0422,  99.9158,
         68.6593,  99.6240,  48.1378, 120.6701,  44.6307,  54.1234, 119.5366,
         33.6880,  36.7491,  53.3882,  74.2510,  61.2165,  96.7098, 100.4408,
         73.8870,  25.3440,  68.9695,  30.7048,  60.3772,  33.3038,  65.0505,
         45.3283, 105.6721,  85.5578, 220.4154,  62.3327, 209.3364,  26.3842,
         66.0752,  85.0024,  54.0740, 182.5789, 117.2664,  92.0843, 115.3308,
        255.2075,  50.0904,  30.8034,  20.5036])
tensor([ 85.3651, 117.3475, 262.8738,  38.5618,  63.1628,  97.5426,  55.7565,
         39.6495,  50.0184,  46.5916, 119.4725,  98.8138,  50.9190,  59.5996,
         84.4531,  60.3262, 107.7567,  49.7106,  43.0511, 122.4357,  99.9158,
         51.0016,  99.6240,  47.0818, 120.6701,  59.4722,  54.1234,  61.1145,
         72.1034,  36.7491,  50.3811,  74.2510,  57.5397, 115.7080, 122.6815,
         67.5622,  25.3440,  53.1502,  30.7048,  60.3772,  58.4695,  58.8278,
         45.3283, 124.9880,  85.5578, 220.4154,  58.3286, 209.3364,  62.4198,
         66.0752,  57.9983,  54.0740, 161.9715,  60.5317,  92.0843,  59.2083,
        255.2075,  48.0090,  30.8034,  20.5036])
tensor([ 56.7412, 117.3475, 199.2597,  38.5618,  60.3742,  97.5426,  60.0576,
         98.7343, 100.1464,  85.7405, 119.4725,  98.8138,  50.9190,  59.5996,
         48.8598,  60.3262, 107.7567, 110.9139,  43.0511,  59.5394,  56.6152,
         51.0016,  48.8083,  47.0818, 120.6701,  59.4722,  70.2058,  61.1145,
         72.1034,  36.7491,  50.3811,  74.2510,  81.7119,  58.4293,  59.7596,
         67.5622,  60.5816, 105.3781,  30.7048,  60.3772,  64.1307,  62.1475,
         45.3283, 124.9880, 167.2238, 220.4154,  58.3286, 160.5524,  67.2327,
         70.7249,  83.7204,  54.0740, 219.2018,  60.5317,  92.0843,  81.2272,
        183.7483,  48.0090,  68.2430,  52.1070])
tensor([ 56.7412,  73.4472, 199.2597,  32.3277,  93.4707,  70.6332,  60.0576,
         98.7343,  38.8013,  85.7405,  77.8452,  98.8138,  50.9190,  59.5996,
         48.8598,  95.4923,  81.6802,  42.9029,  43.0511,  81.7462,  56.6152,
         35.0555,  48.8083,  33.3241,  93.4448,  40.4513,  70.2058,  61.1145,
         72.1034,  88.4219,  86.1680,  92.9497,  99.7774,  78.9543,  83.4301,
         67.5622,  96.1188,  42.2020,  30.7048,  60.3772,  97.3915,  98.2399,
         45.3283, 124.9880, 167.2238, 173.2706,  58.3286, 177.2883,  67.2327,
         70.7249, 100.4367,  54.0740, 245.0465,  60.5317,  92.0843,  81.2272,
        213.5783,  34.1323,  68.2430,  52.1070])
tensor([ 56.7412, 132.7466, 199.2597,  58.9165,  39.1655, 128.1456,  35.3316,
         59.0937,  68.2750,  85.7405,  77.8452, 121.7989,  50.9190,  69.0144,
         27.8248,  95.4923, 136.8042,  72.5598,  48.5311,  81.7462,  56.6152,
         35.0555,  48.8083,  33.3241,  93.4448,  40.4513,  80.6806,  88.0292,
         72.1034,  88.4219,  86.1680,  92.9497,  97.2726, 134.2984, 140.1579,
         67.5622,  36.5203,  42.2020,  30.7048,  80.2035,  40.1221,  98.2399,
         63.2754, 132.6687, 167.2238, 173.2706,  89.2861, 263.5582,  67.2327,
         79.2333, 100.4367,  54.0740, 245.0465,  89.4687,  92.0843,  81.2272,
        222.8658,  34.1323,  37.9927,  28.7123])
tensor([ 87.0826, 132.7466, 199.2597,  58.9165,  64.6579, 128.1456,  35.3316,
         59.0937,  68.2750,  85.7405,  77.8452, 121.7989,  77.2668,  69.0144,
         49.6541,  55.4966,  95.0567,  72.5598,  76.1644,  81.7462,  56.6152,
         35.0555,  48.8083,  80.7265,  91.5620,  40.4513,  89.3706,  97.3020,
         60.8802,  88.4219,  85.3383,  93.6966, 105.1936, 134.2984,  95.8827,
         67.5622,  36.5203,  90.2103,  55.8466,  80.2035,  64.2808,  98.2399,
         91.4704,  90.0514, 167.2238, 202.0513,  89.2861, 263.5582,  67.2327,
         89.7614, 100.4367,  75.1406, 245.0465,  89.4687,  75.8517,  90.1545,
        225.0216,  80.6158,  62.8990,  50.4442])
tensor([ 86.2679, 132.7466, 209.1316,  58.9165,  64.6579, 128.1456,  35.3316,
         68.5344,  68.2750,  85.7405,  77.8452, 121.7989,  68.9685,  69.0144,
         49.6541,  55.4966,  95.0567,  72.5598,  67.0376,  85.9653,  79.0234,
         35.0555,  70.3140,  80.7265,  91.5620,  40.4513,  98.7705, 105.1017,
         60.8802,  69.2928,  85.3383,  93.6966, 109.9363,  84.9885,  90.7042,
         77.0726,  79.6276,  79.8628,  55.8466,  91.9028,  89.5930,  73.4337,
         77.6897,  90.0514, 172.2072, 202.0513, 100.6584, 203.6630,  67.2327,
         99.2278, 100.9514,  75.1406, 245.0465,  89.4687,  75.8517, 100.7935,
        234.6867,  71.0248,  62.8990,  72.7078])
tensor([21.3871, 21.0630,  0.0000,  0.0000, 59.5631,  0.0000, 69.8587, 19.8998,
        52.9729,  0.0000,  0.0000,  0.0000,  0.0000, 21.5527, 92.3060,  0.0000,
        19.7311, 22.1758,  0.0000,  0.0000, 20.3091,  0.0000,  0.0000,  0.0000,
        55.8822,  0.0000,  0.0000, 57.2502, 53.7471,  0.0000, 21.4339, 67.9606,
        55.9670,  0.0000,  0.0000,  0.0000, 55.9296,  0.0000, 19.7774, 53.6817,
         0.0000, 99.4540, 55.4976,  0.0000, 70.5022,  0.0000, 52.1282,  0.0000,
        66.4088, 55.8860,  0.0000, 21.4544,  0.0000,  0.0000, 56.2297, 57.5438,
        22.9301,  0.0000,  0.0000,  0.0000])
tensor([ 32.4378,  42.0700,   0.0000,   0.0000,  59.5631,   0.0000,  43.7080,
         42.6832,  52.9729,   0.0000,   0.0000,  41.5331,   0.0000,  43.4764,
        103.0286,   0.0000,  19.7311,  22.1758,  39.6448,   0.0000,  20.3091,
         29.7286,  29.9092,   0.0000,  39.0687,   0.0000,  34.8888,  38.3357,
         38.6792,  28.6858,  21.4339,  43.6639,  55.9670,  38.3213,  41.2824,
         36.2038,  55.9296,   0.0000,  19.7774,  29.2995,   0.0000,  96.8714,
         29.1305,  32.2575,  32.9811,  84.8181,  30.1144,  28.8114,  43.6718,
         55.8860,  42.8131,  21.4544,   0.0000,   0.0000,  56.2297,  57.5438,
         33.9079,   0.0000,   0.0000,   0.0000])
tensor([ 32.4378,  42.0700,  23.8966,   0.0000,  59.5631,  24.2391,  68.3129,
         42.6832,  52.9729,   0.0000,  24.6994,  34.3443,  33.3474,  43.4764,
        103.0286,  55.5269,  23.8267,  22.1758,  59.3868,  40.7869,  20.3091,
         29.7286,  29.9092,  36.9589,  39.0687,  23.6583,  25.7094,  59.9354,
         59.2052,  28.6858,  34.2677,  67.0987,  40.2225,  38.3213,  41.2824,
         57.1155,  55.9296,  52.0433,  24.2501,  29.2995,   0.0000,  96.8714,
         38.5923,  32.2575,  32.9811, 127.5185,  38.1372,  23.1000,  43.6718,
         57.6035,  42.8131,  21.4544,   0.0000,  33.9115,  56.2297,  59.0239,
         33.9079,  66.0741,   0.0000,  23.5387])
tensor([ 50.7422,  22.4357,  50.3841,   0.0000,  59.5631,  24.2391,  68.3129,
         42.6832,  52.9729,   0.0000,  51.2833,  34.3443,  23.0098,  43.4764,
         58.2713,  55.5269,  23.8267,  22.1758,  59.3868,  34.3843,  20.3091,
         29.7286,  31.0789,  31.4193,  39.0687,  51.3262,  25.7094,  59.9354,
         59.2052,  30.4843,  23.4321,  60.5833,  33.8299,  51.3964,  23.3387,
         51.2515,  55.9296, 104.2816,  24.2501,  32.0134,   0.0000,  72.2848,
         33.1493,  32.2575,  34.8471, 124.2426,  33.0530,  23.1000,  57.6158,
         57.6035,  22.2834,  21.4544,   0.0000,  22.8171,  56.2297,  54.3073,
         55.8295,  66.0741,  50.9512,  23.5387])
tensor([ 43.2253,  22.4357,  50.3841,  43.7255,  59.5631,  24.2391,  68.3129,
         42.6832,  40.7959,   0.0000,  51.2833,  34.3443,  38.3283,  38.6768,
         98.3662,  55.5269,  23.8267,  36.0774,  59.3868,  34.3843,  20.3091,
         40.8352,  42.0303,  42.2510,  44.3734,  51.3262,  45.7750,  44.7828,
         59.2052,  30.4843,  39.8171,  52.4551,  44.1479,  44.5101,  23.3387,
         44.0886,  42.3918,  95.5804,  41.5066,  32.0134,  37.1199,  72.2848,
         45.2994,  32.2575,  34.8471, 124.2426,  44.5595,  40.0100,  57.6158,
         57.6035,  38.2492,  36.5852,  35.9817,  22.8171,  41.6020,  54.3073,
         55.8295,  92.3501,  50.9512,  23.5387])
tensor([ 46.9359,  46.4249,  43.1770,  43.7255,  35.2391,  41.8984,  68.3129,
         44.5592,  42.1912,   0.0000,  44.2357,  44.9440,  38.3283,  38.6768,
        122.9596,  34.4969,  42.6153,  43.9696,  37.3077,  34.3843,  20.3091,
         40.8352,  44.2547,  42.2510,  44.3734,  51.3262,  45.7750,  44.7828,
         36.3398,  30.4843,  39.8171,  52.4551,  45.0950,  44.5101,  23.3387,
         37.5079,  42.3918, 110.8876,  45.2791,  32.0134,  45.2585,  72.2848,
         45.2994,  47.1303,  34.8471, 100.9881,  44.5595,  40.0100,  57.6158,
         57.6035,  46.9710,  44.7775,  35.9817,  46.4092,  43.5034,  38.7084,
         55.8295, 100.2972,  42.7330,  23.5387])
tensor([ 46.9359,  45.2653,  43.1770,  43.7255,  41.0717,  41.8984,  47.0543,
         43.4644,  42.1912,   0.0000,  62.3253,  44.9440,  44.9013,  44.7504,
        126.1939,  34.4969,  62.0845,  43.2965,  43.2452,  32.6075,  58.7626,
         29.2417,  44.2547,  42.2510,  41.6610,  60.2240,  67.2677,  42.0655,
         36.3398,  28.4307,  44.8450,  50.0875,  34.1446,  41.2835,  42.4534,
         37.5079,  42.3918, 110.8876,  45.2791,  32.0134,  44.4259, 108.7415,
         33.8360,  47.1303,  34.4239, 121.2452,  33.1516,  40.0100,  57.6158,
         57.6035,  46.9710,  44.7775,  35.9817,  46.4092,  43.5034,  38.7084,
         55.8295, 100.2972,  42.7330,  23.5387])
tensor([ 46.9359,  49.0667,  20.6389,  72.7577,  74.9573,  41.8984,  47.0543,
         43.4644,  52.9423,   0.0000,  21.8035,  44.9440,  44.9013,  47.6384,
        138.8397,  34.4969,  62.0845,  43.2965,  43.2452,  60.4804,  20.0137,
         29.2417,  44.2547,  42.2510,  41.6610,  20.0807,  67.2677,  76.5163,
         71.6974,  28.4307,  44.8450,  50.0875,  62.5369,  75.9594,  43.9980,
         37.5079,  53.3238,  59.2508,  21.4141,  32.0134,  47.5642, 137.7666,
         33.8360,  58.4276,  62.8308, 200.1880,  57.2207,  19.2627,  57.6158,
         69.3936,  46.6710,  44.7775,  42.1321,  46.4092,  43.5034,  38.7084,
         21.0413, 100.2972,  42.7330,  23.5387])
tensor([ 52.2881,  49.0667,  50.7975,  72.7577,  48.6544,  41.8984,  53.3238,
         43.4644,  43.0946,   0.0000,  54.7411,  44.9440,  52.1625,  55.0693,
        138.8397,  34.4969,  49.5513,  43.2965,  43.2452,  48.9770,  20.0137,
         29.2417,  41.8834,  42.2510,  46.9075,  20.0807,  56.1672,  50.0567,
         71.6974,  39.6719,  52.0879,  56.6271,  49.6821,  75.9594,  43.9980,
         43.7578,  42.9376, 134.6428,  53.8703,  39.6852,  47.5642, 137.7666,
         33.8360,  58.4276,  62.8308, 150.3461,  49.3693,  49.8614,  48.1897,
         69.3936,  46.6710,  44.7775,  42.1321,  50.1393,  43.5034,  45.9455,
         21.0413, 100.2972,  47.0124,  23.5387])
tensor([ 52.2881,  15.2113,  48.5130,  72.7577,  88.2798,  41.8984,  94.8287,
         43.4644,  71.6961,   0.0000,  51.1268,  44.9440,  15.8364,  17.1247,
        138.8397,  75.3335,  49.5513,  14.6850,  83.1504,  48.9770,  42.9960,
         64.9777,  71.0862,  42.2510,  86.6832,  44.6004,  56.1672,  89.2625,
         71.6974,  39.6719,  52.0879, 102.0558,  81.0050,  75.9594,  14.5448,
         82.9992,  72.1489, 137.6219,  53.8703,  69.1711,  47.5642, 137.7666,
         74.0835,  58.4276,  62.8308, 150.3461,  49.3693,  49.8614,  48.1897,
         69.3936,  46.6710,  44.7775,  42.1321,  13.9498,  66.7958,  86.4542,
         21.0413, 122.6664,  43.7128,  23.5387])
tensor([ 52.2881,  15.2113,  70.8660,  72.7577,  74.3624,  41.8984,  80.4577,
         21.7253,  60.1273,  46.9199,  74.5181,  44.9440,  15.8364,  30.6864,
        138.8397,  61.5770,  65.2336,  24.8930,  69.1165,  48.9770,  66.5851,
         52.9042,  71.0862,  49.9859,  73.5046,  44.6004,  73.3715,  89.2625,
         71.6974,  39.6719,  52.0879,  86.4574,  67.6180,  75.9594,  26.2429,
         70.1388,  72.1489, 183.9494,  67.9271,  69.1711,  47.5642, 137.7666,
         74.0835,  58.4276,  62.8308, 150.3461,  49.3693,  65.2747,  71.7730,
         69.3936,  46.6710,  20.9989,  19.6884,  13.9498,  66.7958,  86.4542,
         68.0885, 122.6664,  65.7388,  56.4537])
tensor([ 96.2567,  15.2113, 106.4103,  72.7577,  48.3858,  86.1805,  50.9560,
         35.9580,  33.5683,  46.9199,  74.5181,  44.9440,  15.8364,  30.6864,
        111.3010,  61.5770,  65.2336,  40.2172,  44.5876,  48.9770,  66.5851,
         28.5104,  71.0862,  27.6573,  46.7776,  44.6004, 110.7995,  89.2625,
         71.6974,  24.9938,  52.0879,  86.4574,  36.0780,  75.9594,  42.4189,
         45.0179,  28.6203, 264.3970,  67.9271,  27.0376,  47.5642, 105.0724,
         74.0835,  58.4276,  31.5963, 150.3461,  31.3286, 100.5850,  44.5795,
         69.3936,  34.7513,  34.1205,  19.6884,  13.9498,  27.8476,  86.4542,
         68.0885, 191.4548,  65.7388,  56.4537])
tensor([ 29.0788,  49.4082,  31.5213,  72.7577,  48.3858,  86.1805,  75.9552,
         49.8692,  33.5683,  46.9199,  31.1273,  44.9440,  47.2852,  55.7752,
        111.3010,  60.1514,  25.3479,  40.2172,  69.3485,  48.9770,  27.5332,
         28.5104,  71.0862,  27.6573,  69.8728,  44.6004,  30.8125,  65.9879,
         55.1748,  24.9938,  46.3596,  86.4574,  36.0780,  75.9594,  52.8837,
         68.9526,  86.1973,  99.5677,  67.9271,  27.0376,  47.5642, 105.0724,
         74.0835,  84.0904,  94.8225, 150.3461,  31.3286, 100.5850,  70.7053,
         69.3936,  48.0350,  49.0417,  19.6884,  13.9498,  27.8476,  64.8502,
         27.3566,  98.7870,  26.7767,  56.4537])
tensor([ 29.0788,  49.4082,  84.5445,  72.7577,  59.2443,  86.1805,  75.9552,
         62.7898,  33.5683,  46.9199,  31.1273,  51.9066,  62.0337,  69.6774,
        111.3010,  50.2682,  75.7578,  40.2172,  60.6069,  26.0335,  77.3825,
         28.5104,  25.5042,  25.6929,  69.8728,  69.4401,  30.8125,  65.9879,
         48.9939,  23.0080,  58.4079,  86.4574,  36.0780,  75.9594,  69.3801,
         68.9526,  86.1973,  99.5677,  74.8152,  24.0611,  47.5642, 151.7520,
         74.0835,  25.9103,  31.1985, 150.3461,  28.7358, 100.5850,  70.7053,
         69.3936,  61.3908,  49.0417,  52.6783,  55.6705,  27.8476,  54.7902,
         81.0552,  98.7870,  26.7767,  64.5621])
tensor([ 29.0788,  78.8350,  56.6127,  72.7577,  59.2443,  37.6289,  63.2995,
         62.7898,  33.5683,  46.9199,  31.1273,  68.1084,  62.0337,  69.6774,
        185.8089,  53.9768,  75.7578,  76.2705,  60.6069,  52.6841,  50.5947,
         46.5610,  25.5042,  25.6929,  57.9404,  43.9554,  30.8125,  65.9879,
         51.6244,  23.0080,  58.4079,  86.4574,  36.0780,  75.9594,  85.9522,
         57.1589,  50.9431, 143.5240,  74.8152,  24.0611,  69.3020, 189.0463,
         74.0835,  25.9103,  31.1985, 153.8586,  54.2682,  45.0206,  59.6877,
         43.0083,  82.7352,  49.0417,  70.8583,  74.5563,  45.2574,  54.7902,
         81.0552, 131.5867,  26.7767,  64.5621])
tensor([ 50.3324,  59.9536,  56.6127,  72.7577,  82.5191,  37.6289,  92.3015,
         62.7898,  33.5683,  39.2218,  31.1273,  53.3745,  62.0337,  69.6774,
        185.8089,  53.9768,  75.7578,  57.9682,  83.9260,  56.4031,  57.3019,
         46.5610,  48.8793,  25.6929,  57.9404,  43.9554,  30.8125,  65.9879,
         51.6244,  23.0080,  55.2094,  85.4081,  55.2415,  75.9594,  85.9522,
         84.2968,  50.9431, 151.4139,  74.8152,  48.0580,  52.3399, 175.8647,
         46.6727,  52.6224,  58.6517, 213.8630,  57.6498,  45.0206,  88.0694,
         43.0083,  61.4850,  49.0417,  53.4950,  74.5563,  49.3499,  78.5827,
         55.1041, 131.5867,  26.7767,  64.5621])
tensor([ 29.9390,  59.9536,  32.9934,  74.3056,  91.7297,  37.6289,  92.3015,
         62.7898,  33.5683,  91.7703,  28.5828,  30.8640,  31.8311,  37.6912,
        185.8089,  86.9511,  26.0477,  57.9682,  83.9260, 115.6827,  32.3976,
         46.5610,  48.8793,  25.6929,  57.9404,  43.9554,  30.8125,  85.5743,
         80.9000,  94.4326,  55.2094,  85.4081,  55.2415,  75.9594,  38.0136,
         94.1638, 104.7686, 151.4139,  26.8165, 103.5095,  52.3399, 175.8647,
         46.6727, 114.4587, 119.3328, 213.8630, 112.3433,  26.1270,  88.0694,
         75.2335,  36.9862,  49.0417,  53.4950,  74.5563,  49.3499,  78.5827,
         31.5368, 117.2486,  25.2606,  64.5621])
tensor([101.6374,  34.9933,  32.9934,  50.1549,  91.7297,  79.9559,  92.3015,
         62.7898,  52.1173,  91.7703, 100.5703,  34.8789,  31.8311,  37.6912,
         92.3083,  86.9511,  99.6413,  33.9981,  83.9260, 115.6827,  32.3976,
         52.3934,  57.1376,  25.6929,  57.9404,  90.2386,  99.4964,  85.5743,
         80.9000,  94.4326,  55.2094,  68.8944,  55.2415,  75.9594,  42.2585,
         94.1638,  60.0872, 233.9504,  97.6384, 103.5095,  52.3399, 131.8184,
         56.1801, 114.4587,  72.9977, 188.3950, 112.3433,  97.3803,  88.0694,
         75.2335,  38.9871,  49.0417,  53.4950,  30.3365,  57.9740,  62.7378,
        108.8504, 117.2486,  25.2606,  80.8504])
tensor([101.6374,  34.9933,  32.9934,  35.7470,  46.9737,  79.9559,  92.3015,
         62.7898,  52.1173,  36.4135,  89.9310,  34.8789,  31.8311,  79.7211,
        194.1713,  39.6967,  99.6413,  75.5635,  83.9260,  48.1902,  90.9488,
         41.4801,  57.1376,  37.4400,  57.9404,  90.2386,  88.7391,  85.5743,
         39.3982,  94.4326,  70.7684,  48.7599,  44.5932,  29.3962,  42.2585,
         44.6813,  47.2664, 233.9504,  97.6384,  43.3454,  66.4975, 193.1810,
         56.1801,  46.9853,  72.9977, 142.3756,  51.6237,  97.3803,  88.0694,
         75.2335,  38.9871,  63.1146,  53.4950,  30.3365,  45.7565,  62.7378,
        108.8504, 188.2753,  77.9899,  80.8504])
tensor([101.6374,  34.9933,  32.9934, 103.0691,  46.9737,  24.8294,  92.3015,
         32.9501,  52.1173,  80.7276,  36.1581,  36.0403,  31.8311,  43.5476,
        194.1713,  39.6967,  31.0829,  42.0050,  83.9260,  98.2577,  90.9488,
         41.4801,  85.6448,  78.9234, 102.6501,  27.4428,  88.7391, 101.0549,
         39.3982,  78.2174,  70.7684, 120.1127,  94.3793,  29.3962,  42.2585,
        111.9447,  95.0054, 233.9504,  31.6749,  43.3454,  66.4975, 193.1810,
         56.1801,  97.7244, 101.9990, 142.3756,  51.6237,  31.0541,  88.0694,
         91.8747,  38.9871,  63.1146,  30.6468,  33.2468,  90.7325,  62.7378,
        108.8504, 129.4308,  77.9899,  22.2549])
tensor([101.6374,  34.9933,  59.3498, 103.0691,  46.9737,  50.9244,  71.1800,
         37.9297,  88.3250,  80.7276,  68.5456,  36.0403,  31.8311,  51.0236,
        194.1713,  64.4051,  61.2385,  48.2222,  83.9260,  98.2577,  62.6714,
         41.4801,  85.6448,  78.9234,  67.0924,  56.1910,  88.7391,  67.7891,
         61.9148,  78.2174,  70.7684,  80.8991, 104.3302,  52.7114,  42.2585,
        111.9447,  95.0054, 233.9504,  31.6749,  97.4464,  36.0258, 193.1810,
         92.4131, 110.2910, 113.8869, 142.3756, 102.0425,  60.5650,  67.7857,
         58.7748,  38.9871,  34.9877,  30.6468,  33.2468,  90.7325,  62.7378,
         62.3100, 129.4308,  77.9899,  50.0624])
tensor([ 78.9158,  38.7858,  59.3498, 103.0691,  46.9737,  50.9244,  71.1800,
         41.6601,  88.3250,  52.5902,  68.5456,  41.1555,  36.2571,  54.1010,
        194.1713,  94.8145,  90.2265,  51.0454,  88.1806,  65.2728,  62.6714,
         41.4801,  85.6448,  78.9234,  97.2062,  56.1910,  84.0419,  67.7891,
         92.8717,  78.2174,  70.7684,  80.8991, 104.3302,  81.6497,  42.5831,
         99.5681,  95.0054, 178.9400,  84.2131,  97.4464,  39.3286, 193.1810,
         57.6789,  68.1037, 113.8869, 142.3756, 102.0425,  90.1341,  67.7857,
         86.2650,  40.7540,  34.9877,  34.2150,  37.5937,  61.9094,  62.7378,
         62.3100, 129.4308,  77.9899,  77.7208])
tensor([ 61.2922, 117.7533,  59.3498, 103.0691,  47.1586,  50.9244,  52.4664,
        119.7420,  31.0932,  52.5902,  67.9469,  41.1555,  36.2571, 132.7915,
        194.1713,  94.8145,  67.4260,  51.0454,  47.4623,  65.2728,  62.6714,
         41.4801,  33.8979,  31.7400,  52.2439,  56.1910,  62.9786,  67.7891,
         50.4516,  78.2174,  70.7684,  56.4231,  39.6816,  81.6497, 118.3210,
         54.1540,  35.2692, 178.9400,  84.2131,  97.4464,  39.3286, 193.1810,
         35.7318,  42.4850, 113.8869, 146.7464,  40.2804,  69.1315,  47.3996,
         86.2650, 120.4723, 105.1577,  34.2150, 113.8735,  61.9094,  62.7378,
         62.3100, 156.1004,  77.9899,  77.7208])
tensor([ 57.8787, 117.7533,  59.3498, 103.0691,  47.1586,  50.9244,  52.4664,
         38.1328,  31.0932,  52.5902,  67.9469,  41.1555,  30.2761,  49.3483,
        194.1713,  94.8145,  67.4260,  41.7330,  47.4623,  86.1148,  53.9802,
         67.9213,  80.9814,  31.7400, 130.0301,  46.9033,  62.9786, 116.3772,
        125.9670,  65.9201,  70.7684, 137.2545,  91.0532, 111.3913,  40.5501,
         54.1540,  85.6244, 129.1635,  84.2131,  97.4464,  39.3286, 193.1810,
         35.7318,  93.0714, 113.8869, 282.1586,  40.2804,  69.1315, 127.0595,
        115.5466,  38.0716,  31.7019,  34.2150,  32.8914,  81.8674,  62.7378,
         55.2491, 156.1004,  43.0219,  77.7208])
tensor([ 73.9726,  49.2538,  59.3498, 103.0691,  82.0961,  50.9244,  52.4664,
         38.1328,  31.0932,  52.5902,  75.4416,  41.1555,  47.6500,  49.3483,
        194.1713,  81.2060,  67.4260,  41.7330,  84.2141, 103.4634,  53.9802,
         88.2316,  80.9814,  86.7237,  93.5904,  64.4836,  68.5657,  84.0291,
         89.1280,  85.7253,  70.7684, 101.1196,  91.0532,  75.7336,  40.5501,
         54.1540,  85.6244, 181.8417,  64.2564,  89.1747,  39.3286, 193.1810,
         98.0089,  93.0714, 104.2386, 219.6690, 100.6407,  72.5704, 127.0595,
        115.5466,  38.0716,  49.1593,  34.2150,  51.2428,  81.8674,  73.6120,
         73.9155, 156.1004,  43.0219,  77.7208])
tensor([ 86.0132,  49.2538,  71.6344, 103.0691, 111.4270,  50.9244, 110.5090,
         38.1328,  31.0932,  69.6491,  87.3425,  30.1771,  47.6500,  49.3483,
        194.1713,  81.2060,  77.6509,  40.0158,  84.2141,  92.8513,  53.9802,
         88.2316,  83.6605,  78.1082,  93.5904,  77.1357,  83.2103,  84.0291,
         89.1280,  77.7235,  70.7684, 127.2160,  91.2379,  75.7336,  39.2351,
         54.1540,  85.6244, 181.8417,  79.4784,  79.3206,  28.3211, 193.1810,
         98.0089,  94.5747, 104.2386, 263.9618, 100.6407,  72.5704, 127.0595,
         99.7301,  35.4774,  35.4344,  34.2150,  36.7529,  81.8674,  73.6120,
         87.1673, 156.1004,  66.3593,  61.6642])
tensor([ 86.0132,  55.3728,  71.6344, 103.0691,  63.7817,  83.8745, 110.5090,
         38.1328,  31.0932,  69.6491, 121.3313,  30.1771,  47.6500,  68.0329,
        194.1713,  55.9548, 113.3365,  67.3596,  84.2141,  83.7808,  53.9802,
         67.2275,  77.2662,  74.1740,  93.5904, 111.6319,  83.2103,  57.7868,
         61.1439,  71.5906,  70.7684, 127.2160,  84.2958,  51.1993,  67.1156,
         54.1540,  85.6244, 263.0490, 112.8809,  79.3206,  52.9241, 193.1810,
         76.8000,  89.0489,  79.1567, 176.5456, 100.6407, 112.9178, 127.0595,
         99.7301,  35.4774,  59.5224,  34.2150,  36.7529,  81.8674,  51.6473,
         87.1673, 218.6823,  66.3593,  61.6642])
tensor([ 86.0132,  64.1575,  71.6344,  76.4372,  63.7817,  83.8745, 110.5090,
         38.1328,  31.0932,  69.6491,  84.9579,  56.0894,  47.6500,  68.0329,
        118.6302,  96.1527,  77.7169,  77.3145,  84.2141, 104.1957,  65.5939,
         88.4603,  98.7102,  74.1740,  93.5904,  75.8892,  83.2103,  97.1136,
         61.1439,  92.6272,  44.5986, 127.2160,  84.2958,  51.1993,  67.1156,
         92.4586,  85.6244, 263.0490, 112.8809,  86.5284,  61.7920, 154.0187,
         76.8000, 108.8321,  79.1567, 249.9652,  93.1769,  77.4460,  92.8483,
         99.7301,  35.4774,  69.2374,  44.3627,  63.0656,  81.8674,  51.6473,
         87.1673, 218.6823,  62.1804,  57.8235])
tensor([ 86.0132,  64.1575,  46.7106,  76.4372,  69.2510,  83.8745, 110.5090,
        113.7197,  40.9786,  41.6507,  61.0727,  56.0894, 108.7611, 130.1476,
        118.6302,  67.2865,  56.2388, 135.3969,  84.2141,  59.2312,  65.5939,
         88.4603,  98.7102,  52.9416,  93.5904,  54.4412,  83.2103,  97.1136,
         66.3273,  54.0326,  44.5986, 127.2160,  84.2958,  57.3119,  67.1156,
         92.4586,  48.3133, 138.3739,  52.6629,  86.5284, 123.0118, 154.0187,
         76.8000, 108.8321,  79.1567, 249.9652,  57.7876,  77.4460,  66.4344,
         55.8148, 121.9459, 130.3368, 107.2148, 126.4814,  81.8674,  51.6473,
         87.1673, 142.7682,  47.4145,  57.8235])
tensor([ 86.0132,  63.6813, 102.2732,  58.3557,  69.2510,  83.8745,  71.6972,
         57.9906,  40.9786,  41.6507,  61.0727,  57.9191,  58.4475,  73.0289,
        137.3662,  67.2865,  56.2388,  76.5793,  84.2141,  59.2312, 100.9957,
         69.8433,  98.7102,  52.9416,  93.5904, 113.5036,  83.2103,  97.1136,
         79.0826,  54.0326,  44.5986,  80.2889,  84.2958,  70.5052,  67.1156,
         70.5622,  48.3133, 138.3739, 110.7413,  68.9439, 123.0118, 155.9547,
         76.8000,  84.1192,  74.6648, 249.9652,  57.7876,  77.4460,  77.1927,
         55.8148, 121.9459, 130.3368,  52.3431,  66.3803,  66.2662,  64.3360,
         87.1673, 232.0928, 103.4913,  91.8055])
tensor([ 59.7461,  63.6813,  63.1690,  58.3557,  69.2510,  43.2714,  71.6972,
        101.3536,  40.9786,  41.6507,  69.1597,  57.9191,  98.0506, 112.8517,
        217.4440,  90.9390,  64.4654,  76.5793,  80.2454,  59.2312,  60.9824,
         54.3292,  98.7102,  52.9416,  85.9613,  67.5222,  83.2103,  97.1136,
         96.8727,  53.9352,  80.5020,  98.5391,  84.2958,  70.5052,  67.1156,
         91.8747,  48.3133, 152.2835,  68.4545,  68.9439, 100.1662, 155.9547,
         76.8000,  84.1192,  74.6648, 235.1257,  57.7876,  77.4460,  97.9512,
         80.7546, 101.0186, 104.4760,  94.8363,  66.3803,  52.1427,  64.3360,
         87.1673, 232.0928, 103.4913,  91.8055])
tensor([ 98.2320,  73.0220, 103.1568,  78.5160,  69.2510,  80.8518,  71.6972,
         73.0392,  43.1137,  42.4738,  69.1597,  57.9191,  98.0506,  85.5829,
        217.4440,  90.9390, 105.3764,  82.6915,  80.2454,  54.9013,  60.9824,
         54.3292,  98.7102,  52.9416,  90.1400,  67.5222,  83.2103,  97.1136,
         96.8727,  53.5962,  80.5020,  98.5391,  84.2958,  90.0979,  70.0201,
         91.8747,  48.1278, 152.2835, 107.1459,  68.9439, 100.1662, 180.8436,
         45.4660,  56.9486,  74.6648, 235.1257,  57.7876,  93.9284, 101.3391,
         80.7546,  72.6187,  75.6083,  67.3427,  66.3803,  52.1427,  85.2408,
         92.7584, 220.7713,  94.5315,  91.8055])
tensor([ 98.2320,  85.2249, 103.1568,  68.2895,  69.2510,  79.2857,  71.6972,
         73.0392,  72.9026,  42.4738,  69.1597,  71.8404,  76.8967,  85.5829,
        217.4440,  77.6096, 102.7384,  94.4406,  80.2454,  54.9013,  60.9824,
         79.5935,  74.5878,  52.9416,  78.1286,  67.5222,  83.2103,  69.5617,
         80.8727,  53.5962,  80.5020,  83.6863,  84.2958,  75.3364,  70.0201,
         76.5382,  48.1278, 220.1525, 103.7780,  68.9439,  78.3367, 199.3263,
         78.9125,  92.0838,  80.9439, 207.7465,  57.7876,  93.1013, 101.3391,
         68.0450,  72.6187,  75.6083,  78.0401,  66.3803,  52.1427,  75.1054,
         92.7584, 220.7713,  92.1352,  91.8055])
tensor([ 98.2320,  85.2249,  49.7817, 144.1363, 140.4088,  42.3530, 142.6066,
         73.0392,  72.9026,  76.5516,  52.1668,  46.3616,  47.3597,  59.0753,
        217.4440,  77.6096,  56.1394,  60.8043,  80.2454,  54.9013,  60.9824,
         79.5935,  74.5878,  77.3837,  78.1286,  67.5222,  38.5617, 143.5706,
         80.8727,  53.5962,  33.7634,  83.6863,  85.3419,  75.3364,  45.8632,
        151.1132,  48.1278, 220.1525, 103.7780,  77.2821,  78.3367, 168.9501,
         88.8119,  97.7917,  80.9439, 315.0079,  83.2615,  51.8555, 101.3391,
         68.0450,  72.6187,  75.6083,  47.2390,  66.3803,  82.9051,  75.1054,
         43.8465, 220.7713,  50.0740,  91.8055])
tensor([ 98.2320,  88.2057,  92.3142,  58.5943, 140.4088,  81.1358, 142.6066,
         81.1837,  85.3527,  76.5516,  52.1668,  46.3616,  47.3597,  59.0753,
        217.4440,  77.6096,  99.7805, 102.3428,  80.2454,  95.4275,  81.7239,
         79.5935,  74.5878,  77.3837,  59.7527,  85.1466,  38.5617,  60.6770,
         62.9376,  53.5962,  33.7634,  83.6863,  85.3419,  57.0843,  88.7467,
        151.1132,  87.1061, 220.1525,  93.7163,  77.2821,  78.3367, 168.9501,
        100.0087, 110.4625,  93.8681, 187.3390,  83.2615,  95.6551,  62.4436,
         68.0450,  72.6187,  75.6083,  47.2390,  80.2440,  92.6491,  59.1314,
         89.1689, 220.7713,  93.5177,  67.3556])
tensor([ 98.2320,  57.9728,  92.3142,  58.5943, 140.4088,  81.1358,  92.3926,
         81.1837,  84.7576,  76.5516, 118.1633,  46.3616,  53.6891,  65.7282,
        217.4440,  93.1315,  99.7805, 102.3428,  81.4170,  95.2452,  81.7239,
         82.2964,  74.5878,  78.9617,  59.7527, 112.5912,  38.5617, 102.3131,
        102.5514,  53.5962,  40.6569,  83.6863,  84.2158,  98.7515,  60.3479,
         97.1925,  87.1061, 232.0393,  93.7163,  77.2821,  48.9079, 169.4596,
        100.0087, 102.6753,  93.8681, 187.3390,  86.1204,  95.6551, 102.6656,
         68.0450,  49.4194,  75.6083,  51.4250,  51.4391,  92.6491,  99.5023,
         89.1689, 223.8661,  93.5177,  67.3556])
tensor([ 51.7458,  57.9728,  61.7813,  58.5943,  95.8573,  81.1358, 100.2060,
        100.8115,  82.9860,  68.5482, 118.1633,  46.3616,  53.6891,  65.7282,
        188.5569,  93.1315,  99.7805, 118.5595,  81.4170,  90.3298,  53.9714,
         82.2964,  73.2685,  78.9617,  59.7527, 112.5912,  47.6763, 102.3131,
        102.5514,  53.5962,  40.6569,  83.6863,  84.3232, 105.7850, 111.7698,
         97.1925,  78.0436, 154.0686,  93.7163,  77.2821, 100.1235, 244.2159,
        100.0087, 102.6753,  81.9690, 187.3390,  86.1204,  62.8737, 110.9287,
         88.0362, 104.5754,  75.6083, 104.3728,  51.4391,  92.6491, 107.6510,
         57.9034, 223.8661,  60.0944,  43.0974])
tensor([ 51.7458,  93.6003,  61.7813,  63.0661,  66.7983,  92.1605, 100.2060,
        100.8115,  75.1927,  68.5482, 112.8073,  46.3616,  53.6891,  65.7282,
        188.5569,  67.0662, 110.7363, 103.1467,  81.4170,  80.4280,  53.9714,
         67.2307,  73.2685,  65.7066,  68.8944, 105.8032,  47.6763, 102.3131,
        102.5514,  60.8508,  76.1645,  71.7461,  73.7964,  74.4411, 100.5824,
         97.1925,  70.1355, 269.0784,  93.7163,  77.2821,  91.0119, 219.8886,
        100.0087, 102.6753,  81.9690, 185.4592,  86.1204, 113.2318, 110.9287,
         88.0362,  93.0893,  75.6083,  92.2866,  51.4391,  92.6491, 107.6510,
        111.2697, 220.2675,  60.0944,  43.0974])
tensor([ 51.7458,  77.6256,  61.7813, 103.1986, 105.0953,  83.6990, 103.6696,
         67.2038,  98.0777,  68.5482, 112.8073,  61.5491,  53.6891,  80.3643,
        147.9252,  67.0662,  97.5527,  89.2769,  90.9806,  80.4280,  53.9714,
         67.2307,  73.2685,  65.7066,  68.8944, 105.8032,  82.1189, 103.3274,
        102.5514,  60.8508,  76.1645,  71.7461, 100.3271, 112.1782,  83.4525,
         97.1925,  95.3523, 269.0784,  93.7163,  77.6079,  75.5318, 219.8886,
         87.3960, 100.4573,  81.9690, 185.4592,  87.5457, 100.3985, 110.9287,
         93.3065,  93.0893,  75.6083,  92.2866,  65.5696,  92.6491, 107.6510,
         98.1272, 220.2675,  92.3805,  74.9660])
tensor([ 75.9238,  77.6256,  61.7813, 103.1986,  91.3226,  83.6990, 103.6696,
         67.2038,  98.0777,  68.5482, 112.8073,  61.5491, 101.6202,  80.3643,
        246.2087,  86.0205,  94.6403,  89.2769,  78.5007,  80.4280,  53.9714,
         67.2307,  73.2685,  73.9121,  86.7507, 105.8032,  80.8251,  91.7331,
         85.2273,  60.8508,  96.2702,  89.4207,  89.8472, 112.1782, 123.3127,
         97.1925,  95.3523, 213.2446,  80.8857,  77.6079, 116.3995, 219.8886,
         79.7183,  90.5035,  81.9690, 214.0467,  87.5457, 100.3985, 110.9287,
         80.5566,  93.0893,  96.2905,  92.2866,  65.5696,  69.0081,  86.4838,
         94.3586, 189.2018,  90.6886,  76.1470])
tensor([100.9829,  77.6256, 100.3667, 103.1986,  91.3226,  83.6990, 103.6696,
         49.2764,  98.0777,  68.5482, 112.8073,  61.5491,  51.6565,  80.3643,
        246.2087,  86.0205,  94.6403,  89.2769, 121.9107,  81.9795,  92.4783,
         67.2307,  66.1012,  73.9121,  86.7507, 105.8032, 107.6280, 129.6259,
         85.2273,  65.9047,  96.2702,  89.4207,  86.7606, 130.2028,  66.4186,
        119.6355,  76.8652, 247.3818,  80.8857,  65.2156,  60.7789, 173.0728,
         77.9424,  90.5035,  71.8305, 214.0467,  73.6045, 111.9777, 110.9287,
        121.5295,  51.8490,  96.2905,  92.2866,  65.5696,  69.0081, 127.8927,
        115.9044, 235.2353,  90.6886,  99.1296])
tensor([ 33.1440,  62.1674,   0.0000,   0.0000,  47.7211,   0.0000,  43.0707,
         48.8196,  56.5478,   0.0000,   0.0000,   0.0000,   0.0000, 101.3063,
         56.7557,   0.0000,  49.7811,  79.5341,   0.0000,   0.0000,  50.0541,
          0.0000,   0.0000,   0.0000,  43.8214,   0.0000,   0.0000,  41.7634,
         24.9526,   0.0000,  37.5742,  35.1003,  49.7087,   0.0000,   0.0000,
          0.0000,  36.9965,   0.0000,  49.7662,  53.8504,   0.0000,  37.1349,
         38.1402,   0.0000,  43.7674,   0.0000,  51.5132,   0.0000,  24.5587,
         35.2196,   0.0000,  66.9858,   0.0000,   0.0000,  26.3989,  40.7787,
         24.8940,   0.0000,   0.0000,   0.0000])
tensor([28.4019, 28.2007,  0.0000,  0.0000, 47.7211,  0.0000, 29.4311, 26.3603,
        56.5478,  0.0000,  0.0000, 28.3979,  0.0000, 78.7856, 32.6522,  0.0000,
        49.7811, 79.5341, 30.3899,  0.0000, 50.0541, 31.6621, 28.3076,  0.0000,
        30.0269,  0.0000, 26.1918, 28.9159, 36.0533, 34.7495, 37.5742, 28.9322,
        49.7087, 35.7673, 29.3732, 28.9731, 36.9965,  0.0000, 49.7662, 33.2390,
         0.0000, 29.6265, 30.4632, 40.1287, 29.4980, 25.4021, 26.7370, 61.8993,
        36.1648, 35.2196, 28.9024, 66.9858,  0.0000,  0.0000, 26.3989, 40.7787,
        37.4759,  0.0000,  0.0000,  0.0000])
tensor([28.4019, 28.2007, 27.7736,  0.0000, 47.7211, 36.0884, 40.5423, 26.3603,
        56.5478,  0.0000, 27.2651, 36.2323, 35.3419, 78.7856, 32.6522, 28.6456,
        37.5013, 79.5341, 41.9423, 28.9151, 50.0541, 31.6621, 28.3076, 28.2757,
        30.0269, 35.5597, 28.2302, 41.2389, 33.1954, 34.7495, 34.8287, 37.1561,
        27.3960, 35.7673, 29.3732, 36.6267, 36.9965, 29.6569, 27.0845, 33.2390,
         0.0000, 29.6265, 39.0353, 40.1287, 29.4980, 27.6369, 28.8480, 80.1151,
        36.1648, 33.0233, 28.9024, 66.9858,  0.0000, 35.7523, 26.3989, 35.0688,
        37.4759, 28.3402,  0.0000, 28.0392])
tensor([38.8198, 44.6088, 40.9309,  0.0000, 47.7211, 36.0884, 40.5423, 26.3603,
        56.5478,  0.0000, 40.4630, 36.2323, 46.6358, 78.7856, 52.1445, 28.6456,
        37.5013, 79.5341, 41.9423, 24.7758, 50.0541, 31.6621, 36.5316, 41.2897,
        30.0269, 46.1364, 28.2302, 41.2389, 33.1954, 23.6978, 41.7138, 42.8004,
        39.9863, 23.7733, 44.8491, 42.1541, 36.9965, 44.1358, 27.0845, 45.9261,
         0.0000, 39.1419, 44.3323, 40.1287, 45.5142, 41.1680, 43.4038, 80.1151,
        24.7272, 33.0233, 38.7155, 66.9858,  0.0000, 47.0748, 26.3989, 42.0025,
        24.6625, 28.3402, 23.8462, 28.0392])
tensor([ 53.2941,  44.6088,  40.9309,  35.0128,  47.7211,  36.0884,  40.5423,
         26.3603,  37.2095,   0.0000,  40.4630,  36.2323,  40.4909,  71.1181,
         47.6707,  28.6456,  37.5013,  52.9291,  41.9423,  24.7758,  50.0541,
         40.8833,  49.6213,  45.0504,  38.2280,  46.1364,  43.0784,  40.2738,
         33.1954,  23.6978,  56.1041,  58.1460,  45.1672,  26.1551,  44.8491,
         56.5761,  44.0843,  49.8505,  41.3168,  45.9261,  41.7253,  39.1419,
         59.9664,  40.1287,  45.5142,  41.1680,  49.4495, 104.3205,  24.7272,
         33.0233,  52.3780,  51.6751,  38.2428,  47.0748,  25.9641,  42.0025,
         24.6625,  25.4649,  23.8462,  28.0392])
tensor([ 49.8904,  41.4301,  38.0486,  35.0128,  33.1097,  39.0574,  40.5423,
         34.8566,  44.2657,   0.0000,  37.2323,  45.0115,  40.4909,  71.1181,
         52.2600,  43.8848,  41.5950,  95.2891,  42.9354,  24.7758,  50.0541,
         40.8833,  47.1150,  45.0504,  38.2280,  46.1364,  43.0784,  40.2738,
         50.1072,  23.6978,  56.1041,  58.1460,  39.0862,  26.1551,  44.8491,
         52.4679,  44.0843,  43.8213,  36.7246,  45.9261,  38.6096,  39.1419,
         59.9664,  54.5201,  45.5142,  36.7345,  49.4495, 104.3205,  24.7272,
         33.0233,  49.2104,  90.8906,  38.2428,  41.4688,  46.0818,  49.4149,
         24.6625,  45.9799,  41.9911,  28.0392])
tensor([ 49.8904,  74.6449,  38.0486,  35.0128,  56.1940,  39.0574,  45.0388,
         60.7453,  44.2657,   0.0000,  67.5748,  45.0115,  47.4946, 122.8766,
         60.6159,  43.8848,  49.7651, 122.7834,  50.4932,  48.1953,  54.1722,
         50.4786,  47.1150,  45.0504,  45.8975,  44.7735,  63.7872,  46.5255,
         50.1072,  47.9843,  29.0084,  29.3622,  67.3210,  51.6201,  43.5635,
         52.4679,  44.0843,  43.8213,  36.7246,  45.9261,  69.3545,  27.1976,
         30.7814,  54.5201,  46.5180,  64.7653,  69.4243, 104.3205,  24.7272,
         33.0233,  49.2104,  90.8906,  38.2428,  41.4688,  46.0818,  49.4149,
         24.6625,  45.9799,  41.9911,  28.0392])
tensor([ 49.8904,  87.1458,  75.1415,  84.6902,  67.5647,  39.0574,  45.0388,
         60.7453,  93.5833,   0.0000,  79.1796,  45.0115,  47.4946, 125.0117,
        115.0572,  43.8848,  49.7651, 122.7834,  50.4932,  27.8131,  65.4292,
         50.4786,  47.1150,  45.0504,  45.8975,  89.9051,  63.7872,  96.1562,
         26.8950,  47.9843,  29.0084,  29.3622,  79.4570,  27.8499,  88.4868,
         52.4679,  16.6960,  86.7746,  71.9446,  45.9261,  84.1296,  18.8569,
         30.7814,  31.4629,  91.4181,  74.4327,  79.6500,  67.1418,  24.7272,
         15.6403,  18.4780,  90.8906,  64.6909,  41.4688,  46.0818,  49.4149,
         24.8420,  45.9799,  41.9911,  28.0392])
tensor([ 33.9411,  87.1458,  89.9730,  84.6902,  79.2949,  39.0574,  50.4271,
         60.7453,  59.3141,   0.0000,  93.5905,  45.0115,  52.5368, 139.6661,
        115.0572,  43.8848,  56.3701, 122.7834,  50.4932,  42.1554,  65.4292,
         50.4786,  32.3217,  45.0504,  51.3962,  89.9051,  83.0157,  55.9461,
         26.8950,  38.3823,  36.1805,  36.3653,  92.5012,  27.8499,  88.4868,
         36.3750,  31.6955,  98.1446,  84.3983,  39.9952,  84.1296,  18.8569,
         30.7814,  31.4629,  91.4181,  90.0220,  94.6615,  91.2631,  37.5438,
         15.6403,  18.4780,  90.8906,  64.6909,  50.8371,  46.0818,  35.1551,
         24.8420,  45.9799,  35.6276,  28.0392])
tensor([ 33.9411,  54.6208,  50.2473,  84.6902,  44.5299,  39.0574,  49.9890,
         60.7453,  64.1329,   0.0000,  50.2013,  45.0115,  52.5342, 148.2053,
        115.0572,  34.3917,  56.3701,  96.3760,  52.2437,  42.1554,  40.2896,
         53.6932,  82.7754,  45.0504,  52.9708,  48.9747,  83.0157,  57.3290,
         26.8950,  38.3823,  36.1805,  92.6355,  52.7050,  27.8499,  48.2054,
         91.5008,  75.4299,  55.8589,  84.3983,  96.3692,  84.1296,  18.8569,
         89.5878,  31.4629,  91.4181,  90.0220,  94.6615,  91.2631,  37.5438,
         15.6403,  18.4780,  90.8906,  64.6909,  50.0424,  37.6986,  88.3959,
         24.8420,  34.8855,  36.6827,  28.0392])
tensor([ 33.9411,  54.6208,  67.2231,  84.6902,  60.1417,  39.0574,  97.4289,
         51.7590, 112.3359,  28.7874,  68.1089,  45.0115,  52.5342, 186.3746,
        115.0572,  42.7878,  97.5389, 116.2649, 101.0148,  42.1554,  54.2141,
        104.3187,  82.7754,  54.1646,  97.1067,  48.9747,  58.7585,  57.3290,
         26.8950,  38.3823,  36.1805,  42.0306,  70.0643,  27.8499,  94.1501,
         42.9469,  75.4299,  77.2402,  59.6967,  96.3692,  84.1296,  18.8569,
         89.5878,  31.4629,  91.4181,  90.0220,  94.6615, 111.6428,  40.8369,
         15.6403,  18.4780,  87.5521,  50.3074,  50.0424,  37.6986,  88.3959,
         42.4538,  34.8855,  43.6131,  35.8061])
tensor([ 26.9712,  54.6208,  86.0614,  84.6902,  76.0564,  37.4836,  50.6416,
         69.8529,  58.5579,  28.7874,  68.1089,  45.0115,  52.5342, 186.3746,
         57.7631,  42.7878,  97.5389, 203.5438,  51.5412,  42.1554,  54.2141,
         53.6424,  82.7754,  67.5879,  52.7766,  48.9747,  75.5423,  57.3290,
         26.8950,  72.4473,  36.1805,  42.0306,  86.1188,  27.8499,  47.9967,
         34.7791,  29.2902,  90.1576,  59.6967,  36.3530,  84.1296,  27.9389,
         89.5878,  31.4629,  45.4365,  90.0220,  77.0051,  90.3391,  74.6117,
         15.6403,  26.9440, 167.3228,  50.3074,  50.0424,  73.1982,  88.3959,
         42.4538,  72.1136,  43.6131,  35.8061])
tensor([ 58.0804,  77.2817,  80.1667,  84.6902,  76.0564,  37.4836,  74.0509,
         65.3039,  58.5579,  28.7874,  75.0526,  45.0115,  65.4838, 175.5556,
         57.7631,  47.9804,  71.2062, 203.5438,  76.9735,  42.1554,  60.5860,
         53.6424,  82.7754,  67.5879,  75.6559,  48.9747,  71.3068,  69.0714,
         47.2731,  72.4473,  57.3163,  42.0306,  86.1188,  27.8499,  71.6151,
         70.8709,  59.4520,  86.4009,  59.6967,  36.3530,  84.1296,  27.9389,
         89.5878,  57.6681,  66.9121,  90.0220,  77.0051,  90.3391,  52.1911,
         15.6403,  58.1137, 133.8161,  50.3074,  50.0424,  73.1982,  58.7943,
         48.2670,  48.6655,  49.1475,  35.8061])
tensor([ 58.0804,  77.2817,  64.6610,  84.6902,  52.5747,  37.4836,  74.0509,
         53.8758,  58.5579,  28.7874,  75.0526,  39.4750,  64.6173, 224.8814,
         57.7631,  79.9803,  71.4388, 203.5438,  73.8717,  74.9556,  51.4816,
         53.6424,  46.8483,  48.1110,  75.6559,  54.9885,  71.3068,  69.0714,
         78.6889,  74.0766,  53.6796,  42.0306,  86.1188,  27.8499,  70.1852,
         70.8709,  59.4520,  86.4009,  48.6904,  63.6498,  84.1296,  49.9290,
         89.5878,  91.7193,  66.5597,  90.0220,  53.9906,  90.3391,  52.1911,
         15.6403,  54.8744, 133.8161,  41.2927,  56.7460,  73.1982,  54.9082,
         81.0839,  48.6655,  49.1475,  65.0244])
tensor([ 58.0804,  90.5804,  97.6141,  84.6902,  52.5747,  61.8306,  81.5106,
         53.8758,  58.5579,  28.7874,  75.0526,  46.6854,  64.6173, 224.8814,
         90.1752,  53.8955,  71.4388, 139.7105,  73.8717,  50.0512,  82.3507,
         82.3781,  46.8483,  48.1110,  84.0839,  73.4002,  71.3068,  69.0714,
         53.1455,  74.0766,  53.6796,  42.0306,  86.1188,  27.8499,  87.3806,
         66.8635,  57.6013,  97.7068,  48.6904,  63.6498,  78.2342,  58.3612,
         89.5878,  91.7193,  66.5597,  70.7830,  87.0243, 140.7969,  50.2882,
         41.7824,  63.7416, 133.8161,  69.3376,  74.4424,  46.8233,  54.9082,
         81.0839,  47.4376,  49.1475,  65.0244])
tensor([ 72.5484,  75.3134,  97.6141,  84.6902,  61.4190,  61.8306,  79.3896,
         53.8758,  58.5579,  54.4826,  75.0526,  67.9541,  64.6173, 224.8814,
         90.1752,  53.8955,  71.4388, 168.0912,  81.2460,  60.3486,  67.4638,
         82.3781,  69.4664,  48.1110,  84.0839,  73.4002,  71.3068,  69.0714,
         53.1455,  74.0766,  78.9947,  73.4616,  68.6632,  27.8499,  87.3806,
         90.7184,  57.6013,  83.0703,  48.6904,  90.9765,  63.5772,  80.6607,
         69.9804,  67.4104,  73.6903,  58.5429,  72.9455, 140.7969,  61.1735,
         41.7824,  85.9075, 133.8161,  56.7675,  74.4424,  58.2505,  79.1872,
         57.5207,  47.4376,  49.1475,  65.0244])
tensor([116.8669,  75.3134,  68.4773,  24.2841,  59.1005,  61.8306,  79.3896,
         53.8758,  58.5579,  94.6756,  57.9900, 111.0760,  33.4704, 144.7597,
         90.1752,  51.0355,  37.3583, 168.0912,  81.2460,  52.9512,  63.5812,
         82.3781,  69.4664,  48.1110,  84.0839,  73.4002,  71.3068,  32.3874,
         49.8807,  41.1149,  78.9947,  73.4616,  68.6632,  27.8499,  39.7993,
        131.4056, 113.5091,  83.0703,  52.3141, 131.1979,  63.5772,  80.6607,
         69.9804,  60.0530,  39.9217,  58.5429,  68.6827, 215.6667,  61.1735,
         94.6710, 128.3155, 133.8161,  56.7675,  74.4424,  58.2505,  79.1872,
         49.5831,  46.5121,  43.2730,  65.0244])
tensor([ 63.1649,  78.5609,  68.4773,  53.6520,  59.1005,  51.6790,  79.3896,
         53.8758,  71.3636,  94.6756,  72.6632,  58.2516,  33.4704, 144.7597,
         75.2856,  51.0355,  76.6564, 220.8269,  81.2460,  52.9512,  63.5812,
         68.4034,  55.6293,  48.1110,  84.0839,  60.9362,  63.1452,  32.3874,
         49.8807,  41.1149,  78.9947,  59.2645,  68.6632,  27.8499,  76.4087,
        131.4056,  62.7987,  85.5756,  66.9534, 131.1979,  63.5772,  65.2135,
         54.1144,  60.0530,  77.3448,  64.6919,  68.6827, 151.2440,  61.1735,
         94.6710,  70.4395, 133.8161,  56.7675,  61.6807,  84.9227,  62.4950,
         91.6470,  46.5121,  43.2730,  66.1559])
tensor([ 63.1649,  78.5609,  68.4773, 105.8572,  72.9012,  51.6790,  79.3896,
         53.8758,  71.3636,  49.3855,  76.6434,  58.2516,  33.4704, 156.2847,
        125.3059,  30.7210,  76.6564, 106.8051,  81.2460,  32.0510,  74.6490,
        122.7025,  55.6293,  60.5995,  84.0839,  60.9362,  68.6134,  32.3874,
         30.5023,  41.1149,  66.1239,  68.3081,  72.5233,  18.8073,  76.4087,
         78.7135,  73.1760,  85.5756,  66.9534,  83.8775,  69.0999,  73.7258,
         54.1144,  36.4603,  77.3448,  69.9410,  77.4987, 151.2440,  61.1735,
         94.6710,  70.4395,  71.7828,  56.7675,  61.6807,  31.6331,  62.4950,
         91.6470,  26.9161,  26.4290,  66.1559])
tensor([ 63.1649,  78.5609,  68.4773,  27.3404,  72.9012,  24.2107,  79.3896,
         38.6436,  71.3636,  36.6117,  51.6038,  38.9644,  33.4704, 217.0464,
        125.3059,  30.7210,  32.6208, 278.0062,  81.2460, 113.2480,  74.6490,
        122.7025,  39.0715,  38.4750,  28.6762,  27.3309,  68.6134,  25.9630,
         30.5023, 105.6356,  66.1239,  44.2891,  45.6248,  18.8073,  76.4087,
         46.9270,  45.5185,  85.5756,  43.3391,  83.8775,  69.0999,  73.7258,
         54.1144, 122.6708,  34.0431,  69.9410,  77.4987,  93.9714,  61.1735,
         33.3444,  70.4395,  71.7828,  36.2745,  27.9062, 114.9258,  62.4950,
         91.6470, 112.0801,  26.4290,  98.5080])
tensor([ 63.1649,  78.5609,  79.7764,  27.3404,  72.9012,  61.1556,  64.4661,
         70.7140,  70.8047,  36.6117,  88.1369,  38.9644,  33.4704, 183.4600,
        125.3059,  58.7910,  76.7646, 174.4663,  81.2460, 113.2480,  77.2430,
        122.7025,  39.0715,  38.4750,  70.4536,  69.0955,  68.6134,  66.5552,
         59.0163, 105.6356,  66.1239,  64.1229,  80.5660,  47.0511,  76.4087,
         46.9270,  45.5185,  85.5756,  43.3391,  70.6258,  77.8542,  73.7258,
         55.0009,  70.2101,  76.6211,  69.9410,  82.4864, 148.9327,  52.5333,
         51.4596,  70.4395, 128.6356,  36.2745,  27.9062, 114.9258,  62.4950,
         57.2464, 112.0801,  26.4290,  49.2401])
tensor([ 42.7907,  65.7677,  79.7764,  27.3404,  72.9012,  61.1556,  64.4661,
         60.3251,  70.8047,  37.9167,  88.1369,  43.0443,  68.4589, 229.6684,
        125.3059,  88.2972,  88.8635, 231.7035,  73.6700,  87.3287,  77.2430,
        122.7025,  39.0715,  38.4750,  82.0535,  69.0955,  59.5119,  66.5552,
         88.1290, 105.6356,  66.1239,  64.1229,  80.5660,  76.5944,  76.8247,
         54.3348,  45.5185,  69.0799,  61.1152,  70.6258,  64.1190,  73.7258,
         43.6495, 101.1615,  76.6211,  69.9410,  82.4864, 132.2801,  52.5333,
         41.7313,  48.6040, 128.6356,  53.0540,  74.0191,  86.9115,  62.4950,
         57.2464, 112.0801,  26.4290,  78.0559])
tensor([ 77.1243,  78.8522,  79.7764,  27.3404,  66.8784,  61.1556,  65.2694,
         71.3732,  73.7418,  37.9167,  81.1997,  43.0443,  68.4589, 209.7523,
        125.3059,  88.2972,  85.5066, 231.7035,  71.6917,  87.3287,  77.2430,
        122.7025,  69.1798,  61.8272,  78.5115,  69.0955,  70.4064,  66.5552,
         76.6299, 105.6356,  66.1239,  80.5605,  75.6219,  76.5944,  74.0298,
         90.4405,  79.2963,  69.0799,  61.1152,  70.6258,  64.1190,  73.7258,
         77.8992,  87.8681,  76.6211,  64.1628,  76.5495, 189.8244,  65.4658,
         41.7313,  81.8454, 155.9579,  53.0540,  69.9433,  86.9115,  62.4950,
         57.2464,  64.8705,  26.4290,  78.0559])
tensor([ 72.6556,  78.8522,  79.7764,  27.3404,  66.8784,  61.1556,  65.2694,
        105.4312,  73.7418,  37.9167,  81.1997,  43.0443,  75.8054, 191.9162,
        125.3059,  88.2972,  85.5066, 160.0220,  71.6917,  52.2114,  98.9590,
         81.4335,  65.6149,  61.8272,  95.6294,  78.3884,  70.4064,  78.1394,
         59.3284,  39.0580,  66.1239,  75.2068, 111.6129,  41.6697,  90.5723,
         90.4405,  75.5150, 110.6751,  61.1152,  70.6258,  64.1190,  73.7258,
         77.8992,  66.9346,  76.6211, 100.5097,  76.5495, 189.8244,  49.6571,
         61.7098,  76.9106, 134.4787,  53.0540,  87.6547,  50.8273,  62.4950,
         46.5552,  64.8705,  40.7082,  78.0559])
tensor([ 57.3086,  39.0497,  79.7764,  27.3404,  32.7949,  61.1556,  65.2694,
        105.4312,  73.7418,  37.9167,  39.7005,  43.0443,  47.4565, 191.9162,
        125.3059, 133.9305,  85.5066, 160.0220,  49.7469, 140.4887,  98.9590,
         51.6118,  65.6149,  30.1305,  61.8441,  51.0413,  36.9097,  52.6749,
        142.7548, 127.2325,  66.1239,  61.1757, 111.6129, 131.7587,  90.5723,
         90.4405,  75.5150,  39.6921,  32.1807,  59.0236,  64.1190,  73.7258,
         50.7944,  66.9346,  53.4053,  34.8007,  36.7801, 140.6214,  49.6571,
         61.7098,  76.9106, 300.5118,  53.0540,  55.8373,  50.8273,  44.9859,
        136.8206,  64.8705,  40.7082,  78.0559])
tensor([ 61.8933,  39.0497,  95.5575,  27.3404,  99.7994,  61.1556, 102.0568,
        105.4312,  73.7418,  37.8955, 111.0243,  44.8965,  47.4565, 191.9162,
        125.3059, 133.9305, 114.8269, 148.1355,  49.7469,  51.8882,  98.9590,
         51.6118,  50.0805,  97.8150,  61.8441, 110.9516, 104.5782,  52.6749,
        142.7548,  42.1265,  66.1239,  62.0988, 104.1539, 131.7587, 113.7956,
         90.4405,  75.5150,  39.6921,  99.7557,  66.5138,  97.8173,  73.7258,
         50.7944,  56.5352,  53.4053, 102.7292,  36.7801, 140.6214,  49.6571,
         48.3206,  59.7287, 137.8033,  53.0540, 116.7580,  50.8273,  44.9859,
         45.9061,  64.8705,  37.8632,  36.2444])
tensor([ 61.8933,  91.3569,  95.5575,  27.3404,  86.3381,  43.6501, 102.0568,
        105.4312,  73.7418,  37.8955,  95.2651,  44.8965,  47.4565, 196.2751,
        125.3059,  74.6947,  68.7637, 235.3004,  49.7469,  85.2029,  98.9590,
         59.4038,  89.1528,  78.2899,  61.8441,  65.0799, 104.5782,  59.4195,
         82.9046,  73.2896,  66.1239,  62.0988,  88.7593,  68.0754,  64.7512,
         90.4405,  75.5150,  88.2424,  85.0540,  66.5138,  80.8500,  73.7258,
         88.1475,  96.8963,  64.0183,  90.9614,  36.7801, 191.5694,  49.6571,
         48.3206,  59.7287, 219.9544,  53.0540, 116.7580,  50.8273,  83.2137,
         45.9061,  67.7787,  37.8632,  36.2444])
tensor([ 61.8933, 105.9002,  95.5575,  65.3405,  86.3381,  43.6501, 102.0568,
        105.4312,  73.7418,  37.8955, 107.5456,  42.1773,  47.4565, 196.2751,
         80.0668,  92.3245,  97.4208, 263.3084,  49.7469, 100.8929,  85.8500,
         88.4266,  50.1710,  78.2899,  61.8441,  91.4189, 104.5782,  86.5507,
         82.9046,  92.0714,  37.3787,  62.0988,  88.7593,  68.0754,  64.7512,
         51.0865,  75.5150,  88.2424,  85.0540,  57.7681,  99.1789,  40.4965,
         88.1475, 110.9967,  64.0183, 102.2911,  96.0849, 139.5005,  81.6689,
         48.3206,  59.7287, 246.6609,  74.2693,  89.1684,  50.8273,  83.2137,
         45.9061,  67.7787,  81.0392,  78.6893])
tensor([ 61.8933, 105.9002,  62.2791,  65.3405,  71.8239,  43.6501, 102.0568,
         60.9168,  71.0472,  62.8860,  82.8106,  42.1773,  66.5338, 233.6297,
         80.0668, 102.0047,  94.1324, 277.0768,  49.7469, 108.8761,  85.8500,
         88.4266,  50.1710,  65.8606,  61.8441,  84.6550, 104.5782,  86.5507,
        100.9113,  99.5624,  37.3787,  62.0988,  88.7593,  90.1165,  64.7512,
         51.0865,  73.4406,  75.6119,  70.8814,  57.7681,  73.7501,  40.4965,
         88.1475, 110.9967,  64.0183, 102.2911,  73.4881, 139.5005,  94.0625,
         70.1363,  81.9128, 263.9626,  52.9367,  82.3936,  50.8273,  83.2137,
         45.9061,  89.1254,  93.0013,  78.6893])
tensor([ 61.8933, 111.2825,  99.9185,  60.2748,  71.8239,  43.6501,  65.2454,
         95.7385,  71.0472,  62.8860,  82.8106,  42.2570,  72.1033, 248.0864,
         74.1773, 102.0047,  94.1324, 299.8695,  49.7469, 108.8761,  91.4344,
         80.3756,  50.1710,  65.8606,  61.8441,  86.2525, 104.5782,  86.5507,
        114.5538,  99.5624,  37.3787,  49.2255,  88.7593, 102.1318,  64.7512,
         52.7907,  73.4406,  75.6119, 103.3865,  58.4967,  73.7501,  42.1958,
         88.1475, 124.8898,  78.8634, 102.2911,  73.4881, 139.5005, 107.7801,
         70.1363,  81.9128, 263.9626,  89.5867,  86.0692,  98.4542,  42.3301,
         45.9061, 103.7341, 107.3009,  95.9786])
tensor([ 69.7633, 111.2825,  75.9599,  60.2748,  71.8239,  73.0864,  65.2454,
         71.3734,  71.0472,  62.8860,  83.2844,  42.2570,  96.0555, 250.3116,
         99.5692, 101.8452, 113.1198, 299.8695,  87.4374, 108.8761,  67.2960,
        107.0730,  50.1710,  65.8606,  92.8662, 109.3644, 104.5782,  86.5507,
        110.1959,  99.3903,  61.3113,  81.1546,  88.7593, 102.1318,  64.7512,
         84.2104,  73.4406,  79.5131,  80.7504,  58.4967,  76.4407,  42.1958,
         88.1475, 124.8898,  78.8634,  74.1296,  73.4881, 139.5005, 103.6215,
         65.2599,  74.3415, 255.3633,  66.5425,  86.0692,  95.9693,  42.3301,
         45.9061, 103.7341, 107.3009,  95.9786])
tensor([ 66.3241, 115.0111, 115.0824,  84.3177,  71.8239,  84.9280,  65.2454,
        109.6913,  93.6846,  46.9703,  83.2844,  42.2570,  96.0555, 185.1878,
         99.5692, 101.8452, 115.4129, 183.7837,  87.4374,  60.2673,  67.2960,
        107.0730,  50.1710,  65.8606, 104.8729, 109.3644, 104.5782,  86.5507,
        110.1959,  55.8444,  61.3113,  81.1546,  88.7593,  50.6423,  95.4645,
         84.2104,  60.4095,  79.5131, 115.6236,  58.4967,  76.4407,  60.1984,
         55.1738,  67.3031,  78.8634,  74.1296,  73.4881, 147.3168,  59.3511,
         65.2599,  70.3215, 173.6984, 105.3978,  86.0692,  95.9693,  62.2544,
         45.9047,  51.7249,  56.0602,  95.9786])
tensor([ 66.3241,  41.8439, 115.0824,  41.1423,  71.8239,  40.9857,  65.2454,
        109.6913,  48.1698,  46.9703,  83.2844,  85.9005,  43.8944, 185.1878,
         99.5692, 111.6480,  62.0442, 303.4326,  87.4374,  60.2673,  67.2960,
         52.0292,  88.2703,  65.8606,  53.0121, 109.3644, 104.5782,  42.1383,
        116.1765,  55.8444,  61.3113,  99.7810,  88.7593, 111.8027,  95.4645,
        105.0788,  60.4095,  40.9343,  45.3081,  58.4967,  39.1274,  97.5225,
         95.6074, 132.2037,  45.7714,  37.6332,  73.4881, 192.9324,  59.3511,
         86.3965,  70.3215, 173.6984,  38.7153,  86.0692,  95.9693,  99.1694,
         45.9047,  51.7249, 115.9509,  95.9786])
tensor([ 66.3241,  41.8439,  75.9128, 102.3078,  65.7648, 102.0805,  90.7190,
        109.6913,  48.1698,  78.5555,  75.2077,  90.4364, 106.7076, 193.3861,
         99.5692, 111.6480, 126.9964, 197.1084,  87.4374,  60.2673,  67.2960,
         52.0292,  88.2703,  64.0929,  53.0121, 109.3644,  59.9693, 102.5665,
        116.1765,  55.8444,  81.5567,  99.7810,  64.2441, 111.8027, 101.4817,
        108.1395,  60.4095,  40.9343,  45.3081, 104.3761,  39.1274,  98.8459,
         94.6670,  73.8812,  45.7714,  74.6106,  68.1994, 208.1388,  59.3511,
         86.3965,  70.3215, 173.6984,  74.6731,  86.0692,  51.1759,  99.1694,
         50.8233,  51.7249,  62.5504,  95.9786])
tensor([ 66.3241, 113.4510, 113.3031,  88.0389,  65.7648,  87.6228,  90.7190,
        103.0518,  89.1330,  78.5555,  75.2077,  90.4364, 106.7076, 193.3861,
         99.5692, 111.6480, 107.3543, 205.9586,  87.4374,  62.2383,  95.1418,
         52.0292,  88.2703,  64.0929,  95.8963,  89.0337,  59.9693,  90.2360,
         64.1218,  55.8444,  81.5567,  99.7810,  64.2441,  58.8859,  90.3348,
        108.1395,  69.0687,  40.9343, 111.8005, 104.3761,  39.1274,  98.8459,
         76.3382,  77.0361,  89.5355, 113.3767,  68.1994, 183.9006,  60.7554,
         86.3965,  70.3215, 173.6984,  74.6731,  85.8072,  59.7689,  78.0215,
         58.8404,  51.7249,  68.3877,  46.7041])
tensor([ 66.3241,  87.2536, 113.3031,  88.0389,  65.7648,  87.6228,  98.5712,
        103.0518, 114.8060,  78.5555,  83.6174,  90.4364, 109.1128, 245.9218,
         99.5692,  94.6833, 107.3543, 205.9586,  95.8138, 104.5141,  95.1418,
        113.1193,  88.2703,  73.1637,  95.8963, 111.2824,  59.9693, 112.5175,
        105.4445,  55.8444,  43.8970,  99.7810,  72.0538,  99.3435, 112.3776,
         62.1870,  69.0687,  84.2947, 111.8005, 104.3761,  79.5201,  57.3374,
         76.3382, 118.4704,  89.5355, 113.3767,  75.6615, 183.9006,  99.7920,
         86.3965,  51.0474, 173.6984,  80.0746, 109.5639,  59.7689,  56.9235,
         58.8404,  86.9831,  68.3877,  46.7041])
tensor([ 45.5539,  87.2536, 115.1078,  88.0389, 101.1511,  87.6228,  98.5875,
        106.7066, 111.3502,  38.9564,  83.6174,  90.4364, 109.1128, 245.9218,
         98.0096,  94.6833, 107.3543, 242.5159,  95.8138,  91.4520, 101.9897,
        113.1193,  42.7150,  73.1637,  95.8963, 111.2824,  97.3365, 112.5175,
        105.4445,  55.8444,  43.8970,  99.7810, 109.4051,  84.9030, 111.8231,
         62.1870,  49.8463, 119.3759, 111.8005, 104.3761, 117.7949,  60.3211,
         76.3382, 118.4704, 104.7744, 113.3767,  75.6615, 145.1118,  87.5951,
         44.8760,  55.6439, 173.6984, 113.2470, 109.5639,  59.7689,  61.8710,
         79.1311,  86.9831,  85.6729,  67.2235])
tensor([ 45.5539,  97.3900, 115.1078,  56.1067,  82.3564,  57.8417,  98.5875,
        106.7066,  70.8909,  38.9564,  94.3587,  90.4364, 109.1128, 245.9218,
         98.0096,  78.7501,  75.4992, 256.3216,  95.8138,  91.2381, 101.9897,
         65.7938,  42.7150,  79.9484,  67.6046,  65.4436,  97.3365, 112.5175,
        105.4445,  68.0961, 107.9922, 111.3746,  90.8983,  85.8628,  70.8403,
         62.1870, 117.1996,  97.4680, 111.8005, 104.3761,  94.6247, 124.4983,
         76.3382, 118.4704, 104.7744,  89.8809,  75.6615, 234.8025,  87.5951,
         44.8760, 124.9633, 173.6984,  92.3628, 109.5639,  59.7689,  61.8710,
         83.2857,  72.1231,  85.6729,  67.2235])
tensor([ 45.5539, 129.0124, 115.1078,  98.9036, 116.1764,  99.1865,  95.0444,
        112.0467, 113.1696,  38.9564,  94.3587,  59.8580, 109.1128, 220.5596,
         97.3025,  78.7501, 115.9561, 268.7466,  89.8141,  91.2381, 101.9897,
         65.7938,  42.7150,  79.9484,  67.6046,  65.4436, 105.4694, 100.1692,
        105.4445,  68.0961, 107.9922, 111.3746, 123.7830,  93.0772, 114.1744,
         62.1870,  77.7365,  97.4680, 111.8005,  75.0511, 128.5651, 124.4983,
         66.7544, 101.3855, 104.7744,  89.8809, 110.6828, 183.6727,  87.5951,
         65.8030, 124.9633, 173.6984,  92.3628,  98.3860,  59.7689,  61.8710,
         89.7910,  72.1231,  90.2014,  72.1404])
tensor([ 69.0970, 129.0124, 115.1078,  98.9036,  92.9559,  99.1865,  95.0444,
        112.0467, 113.1696,  38.9564,  94.3587,  59.8580, 121.5559, 220.5596,
        128.5091,  83.8007, 147.0896, 268.7466, 122.9660,  91.2381, 101.9897,
         65.7938,  42.7150,  88.6178, 131.7743,  65.4436,  83.8627, 132.0488,
         88.6309,  68.0961,  72.5469,  74.7281, 100.2361,  93.0772, 140.7195,
         62.1870,  77.7365, 102.2309,  85.5797,  75.0511, 102.7200, 124.4983,
         78.4497, 107.9290, 104.7744,  90.6823, 110.6828, 183.6727,  87.5951,
         77.8532, 124.9633, 196.7838,  92.3628,  98.3860,  77.1974,  82.7869,
         95.5387,  76.4401,  95.8137,  78.9333])
tensor([ 80.8860, 129.0124,  90.1677,  98.9036,  92.9559,  99.1865,  95.0444,
         92.3073, 113.1696,  38.9564,  94.3587,  59.8580,  77.4207, 220.5596,
        128.5091,  83.8007, 147.0896, 268.7466,  78.0526, 132.7309,  80.7413,
         65.7938,  70.2617,  88.6178, 131.7743,  65.4436,  92.6278,  86.0814,
         88.6309, 114.6487,  72.5469,  74.7281, 107.3615, 133.3021,  91.8291,
         85.5080,  87.9260, 110.5002,  85.5797,  85.6312, 107.8224,  89.9683,
         88.6958, 107.9290,  78.3474,  90.6823,  90.7857, 184.9762,  87.5951,
         87.2605,  88.6381, 196.7838,  92.3628,  98.3860,  77.1974,  93.3713,
        137.4542, 123.7485,  95.8137, 123.0360])
